encounter1,encounter2,identity1,identity2,image_id1,image_id2,matching_part,matcher,similarity,similarity_orig
326931771,328448947,326931771,328448946,326931771_592202862_4b32aaf00963dadf,328448947_595171249_07145b594cff9ed6,heads,miew-aliked,1.0,77.0
325746535,330433248,325746535,330433248,325746535_589836881_320e81059c45b5ec,330433248_599185031_ac86a078c020e686,heads,miew-disk,1.0,88.0
328755880,360881837,328755880,360881837,328755880_595797579_c8031e32597b2167,360881837_658548858_10de3ea41d40993a,heads,miew-disk,0.9772727272727273,86.0
325746518,348456347,325746518,322750920,325746518_589836242_a988af5b1e87afe8,348456347_635506045_91f8f38e12f5bbbf,heads,miew-aliked,0.948051948051948,73.0
337429978,345872323,337429978,335935567,337429978_613396133_f5afe69e93389d11,345872323_630390248_6fa73397172681ec,heads,miew-aliked,0.948051948051948,73.0
328448944,360881839,328448944,328755836,328448944_595171234_bbb9e408f8c9e43b,360881839_658550079_6f2ca6c70165df74,heads,miew-aliked,0.948051948051948,73.0
330477152,340435729,330477152,328448949,330477152_599273991_8fc1c17e66f091bb,340435729_619523285_0fc067a5ac6e0261,heads,miew-disk,0.9204545454545454,81.0
328448944,360881839,328448944,328755836,328448944_595171234_bbb9e408f8c9e43b,360881839_658549969_171502b28595689c,heads,miew-aliked,0.9090909090909091,70.0
328448937,342033430,328448937,342033430,328448937_595171186_39dc718ddd0abe81,342033430_622780622_280451af5cddcd71,heads,miew-disk,0.8863636363636364,78.0
335935554,342033430,335935554,342033430,335935554_610374921_64c7e1d4eedbce51,342033430_622780622_280451af5cddcd71,heads,miew-disk,0.8863636363636364,78.0
328448937,335935554,328448937,335935554,328448937_595171186_39dc718ddd0abe81,335935554_610374921_64c7e1d4eedbce51,heads,miew-disk,0.8863636363636364,78.0
328448918,330477135,328448918,330477135,328448918_595171058_86695897abbc49bf,330477135_599275869_3d8c84cbdda15898,heads,miew-disk,0.8863636363636364,78.0
337429978,345872323,337429978,335935567,337429978_613396133_f5afe69e93389d11,345872323_630390214_08cef0853a460384,heads,miew-aliked,0.8831168831168831,68.0
337429962,337429980,328755836,337429980,337429962_613395847_65666e1a9fad459f,337429980_613396123_414c37db7657a2ea,heads,miew-aliked,0.8571428571428571,66.0
325746518,335935552,325746518,322750920,325746518_589836242_a988af5b1e87afe8,335935552_610374877_d03555f24fda505f,heads,miew-aliked,0.8571428571428571,66.0
328755836,342033422,328755836,342033422,328755836_595796877_71ba7440d97fa5be,342033422_622779912_783767095c2a16a1,heads,miew-disk,0.8522727272727273,75.0
342033450,351064514,342033450,351064514,342033450_622780538_e3efafc1d77de0ca,351064514_640602190_90b8d4f8bcc62d92,heads,miew-disk,0.8522727272727273,75.0
342033450,351064514,342033450,351064514,342033450_622780532_258af78dbdef0a29,351064514_640602191_0a4f0b7dc4da9196,heads,miew-aliked,0.8441558441558441,65.0
321559873,328448962,321559873,328448962,321559873_581562729_115f7e675ec70b7d,328448962_595171357_903145e63ff65f54,heads,miew-aliked,0.8441558441558441,65.0
326931787,328755843,325746520,328755843,326931787_592202947_855240f01c031303,328755843_595797372_02edb33f639c68d0,heads,miew-aliked,0.8441558441558441,65.0
328448961,328448962,321559873,328448962,328448961_595171355_0bfef5b740b48d93,328448962_595171357_903145e63ff65f54,heads,miew-disk,0.8409090909090909,74.0
335935554,342033430,335935554,342033430,335935554_610374915_29d66d9f003e4ab1,342033430_622780622_280451af5cddcd71,heads,miew-disk,0.8409090909090909,74.0
328755880,360881837,328755880,360881837,328755880_595797579_c8031e32597b2167,360881837_658549019_40f3f39e96a35c76,heads,miew-disk,0.8409090909090909,74.0
326931760,330477133,326931760,325746505,326931760_592202806_c8886a43713508ef,330477133_599271552_501cf97c6feca383,heads,miew-disk,0.8409090909090909,74.0
324994647,351066976,324994647,330429795,324994647_588343493_923fbdf489aeb3c9,351066976_640608404_e3d8804ba0fd8360,heads,miew-disk,0.8409090909090909,74.0
340438933,360881844,340438933,360881844,340438933_619528800_763bd037d32b9733,360881844_658551205_597ba8a6f8c2bb3b,heads,miew-superpoint,0.8395061728395061,68.0
328448936,328448953,328448936,324994660,328448936_595171179_b59726c934272869,328448953_595171293_bf8bd1a62b3f40d6,heads,miew-aliked,0.8311688311688312,64.0
328755827,330433249,328755827,324994660,328755827_595796038_150045cc32c86b0d,330433249_599185084_cfcce2cd85605df8,heads,miew-aliked,0.8311688311688312,64.0
330477135,340440022,330477135,340440022,330477135_599275869_3d8c84cbdda15898,340440022_619530778_7fe58a942e952385,heads,miew-disk,0.8295454545454546,73.0
328448936,340435713,328448936,340435713,328448936_595171182_2bea2e4dbcddfe60,340435713_619523122_5f83f19d1912ccd2,heads,miew-superpoint,0.8271604938271605,67.0
340438933,360881844,340438933,360881844,340438933_619528800_763bd037d32b9733,360881844_658551042_e0ff9e040c6c2903,heads,miew-superpoint,0.8271604938271605,67.0
330477152,340435729,330477152,328448949,330477152_599273991_8fc1c17e66f091bb,340435729_619523291_f533a7dbcb4ad504,heads,miew-disk,0.8181818181818182,72.0
328448936,328448953,328448936,324994660,328448936_595171179_b59726c934272869,328448953_595171300_d0ee9ecd1ec31af6,heads,miew-aliked,0.8181818181818182,63.0
326931787,328755843,325746520,328755843,326931787_592202964_8f6f31c443a477f1,328755843_595797372_02edb33f639c68d0,heads,miew-aliked,0.8181818181818182,63.0
345874735,351064538,322750920,340435702,345874735_630396443_fa859fbe9fb4564e,351064538_640602529_9d09f723797865ba,heads,miew-disk,0.8068181818181818,71.0
326931790,330477156,326931790,330477156,326931790_592203001_92547df2738ba3e9,330477156_599274241_0795fd2d1f806b54,heads,miew-aliked,0.8051948051948052,62.0
325746510,330463431,325746510,330463431,325746510_589834403_61755afcfd2f4843,330463431_599247463_b984f0bb0dd71ab4,heads,miew-disk,0.7954545454545454,70.0
328448937,335935554,328448937,335935554,328448937_595171186_39dc718ddd0abe81,335935554_610374915_29d66d9f003e4ab1,heads,miew-disk,0.7954545454545454,70.0
330433240,342033422,328755836,342033422,330433240_599184940_6e40639da138e05b,342033422_622779912_783767095c2a16a1,heads,miew-disk,0.7954545454545454,70.0
330477135,360875367,330477135,360875367,330477135_599275678_6e4f718ff0883095,360875367_658544119_4348bb6e0f320bca,heads,miew-disk,0.7954545454545454,70.0
335935549,337429963,335935549,337429963,335935549_610374858_3eb483275416d629,337429963_613395825_8d6553b4e474fdb5,heads,miew-aliked,0.7922077922077922,61.0
337429959,351064517,337429959,351064517,337429959_613395788_1caa6251d9fc5b48,351064517_640602213_7def264bb7ec9eeb,heads,miew-aliked,0.7922077922077922,61.0
340440022,360875367,340440022,360875367,340440022_619530662_2f19b513807ab1db,360875367_658543832_2f5b7a39d17cb6e5,heads,miew-aliked,0.7922077922077922,61.0
335935558,340435716,335935558,340435716,335935558_610374928_686dd173a8dd7891,340435716_619523154_4f30bb0eb91496c2,heads,miew-superpoint,0.7901234567901234,64.0
328448933,328755840,322750920,328755840,328448933_595171165_0c9cd76d8a99aac8,328755840_595797068_537f7df9d1738667,heads,miew-disk,0.7840909090909091,69.0
340440022,360875367,340440022,360875367,340440022_619530662_2f19b513807ab1db,360875367_658544119_4348bb6e0f320bca,heads,miew-disk,0.7840909090909091,69.0
330477135,340440022,330477135,340440022,330477135_599275678_6e4f718ff0883095,340440022_619530778_7fe58a942e952385,heads,miew-disk,0.7840909090909091,69.0
340435711,340438926,333572353,340438926,340435711_619522868_099cf8bb516f49d1,340438926_619528733_f598354d805ad60a,heads,miew-aliked,0.7792207792207793,60.0
340435711,340438926,333572353,340438926,340435711_619522867_7fae6eaf51413506,340438926_619528733_f598354d805ad60a,heads,miew-aliked,0.7792207792207793,60.0
321595642,325746512,321595642,325746512,321595642_581630599_fcbec4723811a139,325746512_589834454_d6d11fcaa728859a,heads,miew-superpoint,0.7654320987654321,62.0
330477158,345874744,322750925,345874744,330477158_599275705_a008485b6c2e573d,345874744_630396578_f81accdc85ea0b96,heads,miew-disk,0.7613636363636364,67.0
345872332,351066972,340435716,351066972,345872332_630390383_5fd4a09aaf4bd2aa,351066972_640608088_1d02fb6631e87e82,heads,miew-disk,0.7613636363636364,67.0
322750899,325746512,322750899,325746512,322750899_583917894_d7e317b33440e80d,325746512_589834443_d9454a4eba53f39a,heads,miew-disk,0.7613636363636364,67.0
340435713,340438932,340435713,324994660,340435713_619523122_5f83f19d1912ccd2,340438932_619528794_b023b3caf5dc9a4f,heads,miew-aliked,0.7532467532467533,58.0
335935549,360875373,335935549,360875373,335935549_610374858_3eb483275416d629,360875373_658545243_693134f798f06fdc,heads,miew-aliked,0.7532467532467533,58.0
328755831,351064531,328755831,328755832,328755831_595796668_b98c3811a600ade6,351064531_640602438_bc471681b1159585,heads,miew-superpoint,0.7530864197530864,61.0
321595643,326931796,321595643,322750920,321595643_581630639_f8a488d0d2ce68b5,326931796_592203035_cb1c6ff91973437b,heads,miew-superpoint,0.7530864197530864,61.0
337429981,340438933,337429981,340438933,337429981_613396170_b1f773606da69652,340438933_619528771_46004deec1841644,heads,miew-superpoint,0.7530864197530864,61.0
330433239,360881837,328755836,360881837,330433239_599184976_9ff725d4fef7fa7f,360881837_658549019_40f3f39e96a35c76,heads,miew-disk,0.75,66.0
330433248,360881837,330433248,360881837,330433248_599185012_3c862e100a5c8d48,360881837_658549019_40f3f39e96a35c76,heads,miew-disk,0.75,66.0
327367335,333582437,327367335,333582437,327367335_593070775_8d99605dce7bc357,333582437_605647447_882a9a7aa88d1da2,heads,miew-aliked,0.7402597402597403,57.0
328755827,330433249,328755827,324994660,328755827_595796143_b258db993ab6db52,330433249_599185046_e6e5907a62a319e3,heads,miew-aliked,0.7402597402597403,57.0
328448918,330477135,328448918,330477135,328448918_595171058_86695897abbc49bf,330477135_599275678_6e4f718ff0883095,heads,miew-disk,0.7386363636363636,65.0
335332241,335935556,335332241,335935556,335332241_609158702_364bd7c8f62b34a6,335935556_610374913_c98fbcc069d96010,heads,miew-disk,0.7386363636363636,65.0
328755840,340438919,328755840,322750920,328755840_595797068_537f7df9d1738667,340438919_619528676_fed47e5f8095f11d,heads,miew-disk,0.7386363636363636,65.0
345872332,351066972,340435716,351066972,345872332_630390393_96f5c26c6cc29662,351066972_640608088_1d02fb6631e87e82,heads,miew-disk,0.7386363636363636,65.0
337429981,340438933,337429981,340438933,337429981_613396176_63781ab70fe803ad,340438933_619528780_54cd516d970e66f3,heads,miew-disk,0.7386363636363636,65.0
328755831,360881843,328755831,328755832,328755831_595796668_b98c3811a600ade6,360881843_658550867_30e2478c6eb9f8eb,heads,miew-superpoint,0.7283950617283951,59.0
340435707,345874740,340435707,335935554,340435707_619522803_28ddcdfefcfa5ddd,345874740_630396510_27dc449e1fab386f,heads,miew-aliked,0.7272727272727273,56.0
325746512,328448963,325746512,328448963,325746512_589834443_d9454a4eba53f39a,328448963_595171365_f527083edd992685,heads,miew-aliked,0.7272727272727273,56.0
324994646,324994658,324994646,324994658,324994646_588343511_a29ff8272a37939d,324994658_588343560_ad849ccad603833d,heads,miew-disk,0.7272727272727273,64.0
340435707,342033425,340435707,342033425,340435707_619522816_dd5433523ecc972e,342033425_622779997_5743b3b19e10933c,heads,miew-superpoint,0.7160493827160493,58.0
340435723,345874748,340435723,345874748,340435723_619523259_176a8ee0afb69f2e,345874748_630396642_621ca40f768899d2,heads,miew-superpoint,0.7160493827160493,58.0
328448931,337429963,328448931,337429963,328448931_595171151_1bc53ae8f6b9d56c,337429963_613395829_ea59c34103f4bc9b,heads,miew-disk,0.7159090909090909,63.0
348456352,351066982,348456352,351066982,348456352_635506120_640eb43f5796eb3d,351066982_640608547_fd13fbef23e4a20c,heads,miew-disk,0.7159090909090909,63.0
325746506,325746540,325746506,325746540,325746506_589833684_c4f9946dbf22b8e7,325746540_589837030_4f88030cce157c6d,heads,miew-aliked,0.7142857142857143,55.0
326931776,328448942,326931776,328448942,326931776_592202902_da1c05978520647b,328448942_595171222_09a63910f74e00a9,heads,miew-disk,0.7045454545454546,62.0
330433239,360881837,328755836,360881837,330433239_599184964_a0f396664653b09f,360881837_658549019_40f3f39e96a35c76,heads,miew-disk,0.7045454545454546,62.0
330477135,360875367,330477135,360875367,330477135_599275869_3d8c84cbdda15898,360875367_658543832_2f5b7a39d17cb6e5,heads,miew-superpoint,0.7037037037037037,57.0
337429980,337524316,337429980,328755836,337429980_613396123_414c37db7657a2ea,337524316_613596123_ab4a139d5007ab7f,heads,miew-superpoint,0.7037037037037037,57.0
325746536,335935580,325746536,326931781,325746536_589836872_269696fa680d96b6,335935580_610375368_226c24a250a0697a,heads,miew-superpoint,0.7037037037037037,57.0
340438923,345872314,340438923,345872314,340438923_619528689_b7f31ba97b674643,345872314_630390045_c348ba45b9de1fe7,heads,miew-aliked,0.7012987012987013,54.0
345872316,345872317,328755832,322750920,345872316_630390108_fce205c677dfc9dc,345872317_630390129_7ef2f304849fc5ae,heads,miew-aliked,0.7012987012987013,54.0
333572365,360881840,321595638,360881840,333572365_605624809_d875ebbdfa760a7d,360881840_658549544_e08c142434fe2137,heads,miew-disk,0.6931818181818182,61.0
330433221,337524304,330433221,337524304,330433221_599184589_cd30ccae6fdb64c2,337524304_613595944_8b45d822f758d467,heads,miew-disk,0.6931818181818182,61.0
348456352,351066982,348456352,351066982,348456352_635506136_7cfd62d7eacc6517,351066982_640608547_fd13fbef23e4a20c,heads,miew-disk,0.6931818181818182,61.0
340438927,340440028,340438927,326931781,340438927_619528729_9e6a0d5c4744f0bd,340440028_619530887_816703f0731d7a06,heads,miew-superpoint,0.691358024691358,56.0
326931791,340435731,326931791,340435731,326931791_592203013_f5a8a9fb884a9267,340435731_619523306_72e3b0a8d5920a14,heads,miew-aliked,0.6883116883116883,53.0
322750914,325746510,322750914,325746510,322750914_583917930_036413718a03c405,325746510_589834403_61755afcfd2f4843,heads,miew-aliked,0.6883116883116883,53.0
321595642,335332233,321595642,335332233,321595642_581630599_fcbec4723811a139,335332233_609158426_dffea4cf6152e679,heads,miew-aliked,0.6883116883116883,53.0
328448945,330433241,328448945,330433241,328448945_595171237_6ec3789d82ae6f55,330433241_599184977_a12723a21eb92f13,heads,miew-disk,0.6818181818181818,60.0
335935574,342033443,335935574,342033443,335935574_610375219_b61c46198f22a123,342033443_622780335_e02a2c77f3acd359,heads,miew-disk,0.6818181818181818,60.0
328448933,330477167,322750920,330477167,328448933_595171165_0c9cd76d8a99aac8,330477167_599275131_ab0bcb9a3518dc26,heads,miew-disk,0.6818181818181818,60.0
330433248,360881837,330433248,360881837,330433248_599185031_ac86a078c020e686,360881837_658549019_40f3f39e96a35c76,heads,miew-disk,0.6818181818181818,60.0
330477167,340440034,330477167,322750920,330477167_599275131_ab0bcb9a3518dc26,340440034_619530961_50cd1f2b6b5e68b2,heads,miew-superpoint,0.6790123456790124,55.0
325746536,335935580,325746536,326931781,325746536_589836872_269696fa680d96b6,335935580_610375376_ce69da7229bd329d,heads,miew-superpoint,0.6790123456790124,55.0
340435707,342033425,340435707,342033425,340435707_619522813_0e8f9d932e3ce3fb,342033425_622779997_5743b3b19e10933c,heads,miew-superpoint,0.6790123456790124,55.0
325746527,345874748,325746527,345874748,325746527_589836544_a046d421606b1c5b,345874748_630396642_621ca40f768899d2,heads,miew-superpoint,0.6790123456790124,55.0
328755855,340438933,328755855,340438933,328755855_595797476_b6bbddfb6b7b058b,340438933_619528777_390a763db90ca08e,heads,miew-superpoint,0.6790123456790124,55.0
340435713,340438932,340435713,324994660,340435713_619523122_5f83f19d1912ccd2,340438932_619528787_9476e8baaede3718,heads,miew-superpoint,0.6790123456790124,55.0
330430787,342033444,328448946,342033444,330430787_599181165_2e72eb130608cafa,342033444_622780334_5927ee9ceafddc14,heads,miew-aliked,0.6753246753246753,52.0
328448926,330477159,328448926,330477159,328448926_595171141_48309e2211405ecc,330477159_599274589_09ea6f68791c1a97,heads,miew-disk,0.6704545454545454,59.0
328448937,360881837,328448937,360881837,328448937_595171186_39dc718ddd0abe81,360881837_658548858_10de3ea41d40993a,heads,miew-disk,0.6704545454545454,59.0
326931769,340435702,322750920,340435702,326931769_592202853_e55d3f116ddf8782,340435702_619522766_8fce47af68f5a26a,heads,miew-disk,0.6704545454545454,59.0
322750922,333572359,322750922,333572359,322750922_583917943_a20d6daee5847fce,333572359_605624764_0c582588cf78a116,heads,miew-disk,0.6704545454545454,59.0
335935554,360881837,335935554,360881837,335935554_610374921_64c7e1d4eedbce51,360881837_658549019_40f3f39e96a35c76,heads,miew-disk,0.6704545454545454,59.0
328448945,328755840,328448945,328755840,328448945_595171237_6ec3789d82ae6f55,328755840_595797068_537f7df9d1738667,heads,miew-disk,0.6704545454545454,59.0
321595643,326931769,321595643,322750920,321595643_581630639_f8a488d0d2ce68b5,326931769_592202853_e55d3f116ddf8782,heads,miew-disk,0.6704545454545454,59.0
328448936,335332238,328448936,335332238,328448936_595171179_b59726c934272869,335332238_609158682_81d4fb768214430d,heads,miew-superpoint,0.6666666666666666,54.0
342033445,345872322,335332237,326931767,342033445_622780403_4f7202b3a4db615c,345872322_630390189_fb9cda7758f3e3c5,heads,miew-aliked,0.6623376623376623,51.0
330433221,333572355,330433221,322750893,330433221_599184599_31ccd8dcaf52a1e7,333572355_605624702_213407ea3f55e3bd,heads,miew-aliked,0.6623376623376623,51.0
335332238,337429969,335332238,324994660,335332238_609158682_81d4fb768214430d,337429969_613395892_d0de698b60894fc9,heads,miew-superpoint,0.654320987654321,53.0
326931771,328755818,326931771,328448946,326931771_592202862_4b32aaf00963dadf,328755818_595796046_fc72c7f4780dbd9c,heads,miew-superpoint,0.654320987654321,53.0
327367335,333582437,327367335,333582437,327367335_593070763_855c5bb600b5b7c2,333582437_605647544_995a7d87ad0c2edf,heads,miew-superpoint,0.654320987654321,53.0
327367319,327367331,327367319,327367331,327367319_593070305_3df952e27300a5ab,327367331_593070654_d36a62558bc2b539,heads,miew-superpoint,0.654320987654321,53.0
328448936,328755827,328448936,328755827,328448936_595171182_2bea2e4dbcddfe60,328755827_595796038_150045cc32c86b0d,heads,miew-aliked,0.6493506493506493,50.0
342033425,345874740,342033425,335935554,342033425_622779997_5743b3b19e10933c,345874740_630396510_27dc449e1fab386f,heads,miew-aliked,0.6493506493506493,50.0
335935578,340435706,335935578,333572353,335935578_610375342_1f272e29660fb923,340435706_619522792_de3588b11c95e86c,heads,miew-aliked,0.6493506493506493,50.0
330433224,345874747,328755832,345874747,330433224_599184621_253a5c18c6de73c1,345874747_630396624_366dc024f07967c1,heads,miew-disk,0.6477272727272727,57.0
335935558,351066972,335935558,351066972,335935558_610374928_686dd173a8dd7891,351066972_640608088_1d02fb6631e87e82,heads,miew-disk,0.6477272727272727,57.0
333572353,360881830,333572353,360881830,333572353_605624659_fef0a4c6007a9178,360881830_658548507_043280e8a2a99176,heads,miew-disk,0.6477272727272727,57.0
328755880,330433248,328755880,330433248,328755880_595797579_c8031e32597b2167,330433248_599185012_3c862e100a5c8d48,heads,miew-disk,0.6477272727272727,57.0
330433230,360881837,330433230,360881837,330433230_599184809_2d25014c09058192,360881837_658549019_40f3f39e96a35c76,heads,miew-disk,0.6477272727272727,57.0
340435710,340435722,326931781,330477156,340435710_619522865_a27869e63a862e3a,340435722_619523233_7371dd94c2392993,heads,miew-disk,0.6477272727272727,57.0
321595638,328448926,321595638,328448926,321595638_581630638_7143d1c52aacf54d,328448926_595171141_48309e2211405ecc,heads,miew-disk,0.6477272727272727,57.0
324994650,328448957,324994650,328448957,324994650_588343540_9362c07b68073ddb,328448957_595171307_1d047e55c377c7eb,heads,miew-disk,0.6477272727272727,57.0
326931756,337524304,326931756,337524304,326931756_592202722_9eae258e5c22729c,337524304_613595939_1816b7924df97504,heads,miew-disk,0.6477272727272727,57.0
328755855,340438933,328755855,340438933,328755855_595797476_b6bbddfb6b7b058b,340438933_619528800_763bd037d32b9733,heads,miew-superpoint,0.6419753086419753,52.0
325746518,330477167,325746518,330477167,325746518_589836242_a988af5b1e87afe8,330477167_599275070_3e4a886a65f0081f,heads,miew-disk,0.6363636363636364,56.0
326931760,330477133,326931760,325746505,326931760_592202806_c8886a43713508ef,330477133_599271690_77a149e55db13ac7,heads,miew-disk,0.6363636363636364,56.0
335935571,340438947,335935571,340438947,335935571_610375075_c1a71036ad2269c0,340438947_619528889_73df3c875fa74c43,heads,miew-disk,0.6363636363636364,56.0
328448943,328755836,328448943,328755836,328448943_595171227_6b143377e917bed9,328755836_595796877_71ba7440d97fa5be,heads,miew-disk,0.6363636363636364,56.0
340435702,340438948,340435702,321559873,340435702_619522766_8fce47af68f5a26a,340438948_619528870_9cb638f3453be1e7,heads,miew-disk,0.6363636363636364,56.0
340435711,345872322,333572353,326931767,340435711_619522868_099cf8bb516f49d1,345872322_630390196_22598f870bba5bc4,heads,miew-aliked,0.6363636363636364,49.0
342033445,345872316,335332237,328755832,342033445_622780361_9008f80d2d92f2ea,345872316_630390098_2ab1382d90257d0f,heads,miew-aliked,0.6363636363636364,49.0
328448926,330477159,328448926,330477159,328448926_595171141_48309e2211405ecc,330477159_599274708_ac1b2fa75a83a2ad,heads,miew-disk,0.6363636363636364,56.0
330433239,330433248,328755836,330433248,330433239_599184964_a0f396664653b09f,330433248_599185031_ac86a078c020e686,heads,miew-disk,0.6363636363636364,56.0
342033432,351064538,328755836,340435702,342033432_622780045_3019fd46c7cdfe3b,351064538_640602547_d86dd6f8145f6600,heads,miew-disk,0.6363636363636364,56.0
340435702,345872329,340435702,325746520,340435702_619522766_8fce47af68f5a26a,345872329_630390329_5073e65f5fab162c,heads,miew-disk,0.6363636363636364,56.0
321595649,328448949,321559873,328448949,321595649_581630750_60c9416ab6ed6948,328448949_595171270_86520fc6e645a863,heads,miew-disk,0.6363636363636364,56.0
337429959,351064517,337429959,351064517,337429959_613395788_1caa6251d9fc5b48,351064517_640602193_959e646b47165f1a,heads,miew-disk,0.6363636363636364,56.0
335935578,340435711,335935578,333572353,335935578_610375342_1f272e29660fb923,340435711_619522868_099cf8bb516f49d1,heads,miew-aliked,0.6363636363636364,49.0
325746527,340435723,325746527,340435723,325746527_589836544_a046d421606b1c5b,340435723_619523259_176a8ee0afb69f2e,heads,miew-superpoint,0.6296296296296297,51.0
335935566,360881845,333572353,360881845,335935566_610375013_b2b246bf9b961ff9,360881845_658550643_9e09ef88b1cac14e,heads,miew-superpoint,0.6296296296296297,51.0
335332234,345874744,322750925,345874744,335332234_609158516_f2e66713b5de20a2,345874744_630396571_e86ac5b9a6f6d95a,heads,miew-disk,0.625,55.0
337429961,345874739,337429961,340435712,337429961_613395820_5e036b65262e3477,345874739_630396485_e5b43d52c1c46eba,heads,miew-disk,0.625,55.0
330429795,340438941,330429795,326931765,330429795_599178634_8e87a508b7a4a7c3,340438941_619528874_1de9a71a3059e61d,heads,miew-disk,0.625,55.0
321595638,330477134,321595638,330477134,321595638_581630638_7143d1c52aacf54d,330477134_599271864_8b3559bdf60b92ab,heads,miew-disk,0.625,55.0
340435706,340435714,333572353,326931767,340435706_619522804_62067fd83c626f84,340435714_619522912_c9dca6e57cf168c1,heads,miew-disk,0.625,55.0
333572353,345874739,333572353,340435712,333572353_605624660_a9a8330397ddeadb,345874739_630396485_e5b43d52c1c46eba,heads,miew-disk,0.625,55.0
330433241,335332239,330433241,326931780,330433241_599184977_a12723a21eb92f13,335332239_609158680_36dd37eacdd3e668,heads,miew-disk,0.625,55.0
335332238,342033439,335332238,324994660,335332238_609158682_81d4fb768214430d,342033439_622780175_2e7510e8fba66f55,heads,miew-aliked,0.6233766233766234,48.0
321595642,335332233,321595642,335332233,321595642_581630599_fcbec4723811a139,335332233_609158417_882894f4af523930,heads,miew-aliked,0.6233766233766234,48.0
327367326,327367332,327367326,327367332,327367326_593070497_75fcc198535cffe2,327367332_593070694_6226f300ff2cc7c5,heads,miew-superpoint,0.6172839506172839,50.0
326931791,340435731,326931791,340435731,326931791_592203013_f5a8a9fb884a9267,340435731_619523312_5a2ea35cb2f677ee,heads,miew-superpoint,0.6172839506172839,50.0
337524306,340438947,335935571,340438947,337524306_613596014_4a598d53e39e5540,340438947_619528889_73df3c875fa74c43,heads,miew-superpoint,0.6172839506172839,50.0
325746527,340435723,325746527,340435723,325746527_589836544_a046d421606b1c5b,340435723_619523248_adeeaf5eed86b4ac,heads,miew-superpoint,0.6172839506172839,50.0
333572360,351064538,324994641,340435702,333572360_605624787_e5b5983abc95f1b0,351064538_640602533_404ec590b226c14f,heads,miew-disk,0.6136363636363636,54.0
345872329,351064538,325746520,340435702,345872329_630390329_5073e65f5fab162c,351064538_640602533_404ec590b226c14f,heads,miew-disk,0.6136363636363636,54.0
321595642,326931790,321595642,326931790,321595642_581630599_fcbec4723811a139,326931790_592203001_92547df2738ba3e9,heads,miew-disk,0.6136363636363636,54.0
328755840,330477167,328755840,330477167,328755840_595797068_537f7df9d1738667,330477167_599275131_ab0bcb9a3518dc26,heads,miew-disk,0.6136363636363636,54.0
322750899,328448963,322750899,328448963,322750899_583917894_d7e317b33440e80d,328448963_595171365_f527083edd992685,heads,miew-disk,0.6136363636363636,54.0
337429963,337524316,337429963,328755836,337429963_613395825_8d6553b4e474fdb5,337524316_613596117_e8ca501ce8a85657,heads,miew-disk,0.6136363636363636,54.0
326931796,345874743,322750920,328755832,326931796_592203035_cb1c6ff91973437b,345874743_630396530_5b3e22faeb2ff1a1,heads,miew-disk,0.6136363636363636,54.0
340440022,351064514,340440022,351064514,340440022_619530670_05d00b07a6035df6,351064514_640602190_90b8d4f8bcc62d92,heads,miew-disk,0.6136363636363636,54.0
326931778,337524308,325746507,337524308,326931778_592202912_3250238ceb3097d1,337524308_613596031_4ee237647c22f279,heads,miew-aliked,0.6103896103896104,47.0
340435719,340435731,326931792,340435731,340435719_619523188_1521561fc9fc3d2b,340435731_619523301_6d610a40bb3c8a60,heads,miew-aliked,0.6103896103896104,47.0
340435707,345874740,340435707,335935554,340435707_619522803_28ddcdfefcfa5ddd,345874740_630396498_f163f8f154c26893,heads,miew-aliked,0.6103896103896104,47.0
342033438,342033445,342033438,335332237,342033438_622780095_eb875758414a2e96,342033445_622780403_4f7202b3a4db615c,heads,miew-aliked,0.6103896103896104,47.0
342033425,348456351,342033425,335935554,342033425_622779997_5743b3b19e10933c,348456351_635506170_2be896f940a9d2f1,heads,miew-aliked,0.6103896103896104,47.0
345872336,345874747,326931780,345874747,345872336_630390515_cc781befc7edf99b,345874747_630396624_366dc024f07967c1,heads,miew-disk,0.6022727272727273,53.0
342033432,351064538,328755836,340435702,342033432_622780033_5b26e2b534dafa8e,351064538_640602544_cc9f2443baf03e95,heads,miew-disk,0.6022727272727273,53.0
342033431,345872323,330433230,335935567,342033431_622780011_e24cc364cc181427,345872323_630390239_8b742e034a7b7f80,heads,miew-disk,0.6022727272727273,53.0
322750922,342033420,322750922,342033420,322750922_583917943_a20d6daee5847fce,342033420_622779782_1e8dacc210f57394,heads,miew-disk,0.6022727272727273,53.0
325746535,330433248,325746535,330433248,325746535_589836881_320e81059c45b5ec,330433248_599185012_3c862e100a5c8d48,heads,miew-disk,0.6022727272727273,53.0
326931787,342033446,325746520,342033446,326931787_592202964_8f6f31c443a477f1,342033446_622780462_dc226d3f2abc3c96,heads,miew-disk,0.6022727272727273,53.0
340435706,340438933,333572353,340438933,340435706_619522804_62067fd83c626f84,340438933_619528800_763bd037d32b9733,heads,miew-disk,0.6022727272727273,53.0
324994647,335935574,324994647,335935574,324994647_588343493_923fbdf489aeb3c9,335935574_610375219_b61c46198f22a123,heads,miew-disk,0.6022727272727273,53.0
337429983,340438957,335332241,340435702,337429983_613396536_bd92793ecab412bd,340438957_619528994_29462203d6a5ec2d,heads,miew-disk,0.6022727272727273,53.0
325746542,342033432,325746542,328755836,325746542_589836971_dfb0453989111c47,342033432_622780033_5b26e2b534dafa8e,heads,miew-disk,0.6022727272727273,53.0
335332241,335935556,335332241,335935556,335332241_609158704_9807505963dd5ef5,335935556_610374913_c98fbcc069d96010,heads,miew-disk,0.6022727272727273,53.0
328448965,335332235,328448965,335332235,328448965_595171372_645c00709cb560dc,335332235_609158526_96f359c534921bd4,heads,miew-aliked,0.5974025974025974,46.0
334475550,342033424,321595639,322750920,334475550_607416625_4ed6f75a4520d28c,342033424_622779950_865ca7c7a16d2d90,heads,miew-aliked,0.5974025974025974,46.0
340435714,340438954,326931767,325746542,340435714_619522885_e3acc1c7d1c86001,340438954_619528927_ccd23a746270279e,heads,miew-aliked,0.5974025974025974,46.0
326931774,345872316,326931772,328755832,326931774_592202891_85ffff5bb4523ad7,345872316_630390108_fce205c677dfc9dc,heads,miew-aliked,0.5974025974025974,46.0
321595652,360875367,321595652,360875367,321595652_581630804_2a49521314883ac5,360875367_658543814_91416fd525fe6309,heads,miew-superpoint,0.5925925925925926,48.0
328755840,330477167,328755840,330477167,328755840_595797068_537f7df9d1738667,330477167_599275070_3e4a886a65f0081f,heads,miew-superpoint,0.5925925925925926,48.0
327367323,327367335,327367323,327367335,327367323_593070435_1b46991003beac48,327367335_593070763_855c5bb600b5b7c2,heads,miew-superpoint,0.5925925925925926,48.0
345872332,345874744,340435716,345874744,345872332_630390383_5fd4a09aaf4bd2aa,345874744_630396571_e86ac5b9a6f6d95a,heads,miew-disk,0.5909090909090909,52.0
340435706,340438933,333572353,340438933,340435706_619522804_62067fd83c626f84,340438933_619528777_390a763db90ca08e,heads,miew-disk,0.5909090909090909,52.0
328448932,345872336,326931767,326931780,328448932_595171154_daa63370920a7ee5,345872336_630390515_cc781befc7edf99b,heads,miew-disk,0.5909090909090909,52.0
325746518,330477167,325746518,330477167,325746518_589836242_a988af5b1e87afe8,330477167_599275131_ab0bcb9a3518dc26,heads,miew-disk,0.5909090909090909,52.0
330477163,348456351,321559873,335935554,330477163_599274959_4dabe6aa3f45bf48,348456351_635506159_c4ce839eee7c0d6a,heads,miew-disk,0.5909090909090909,52.0
326931780,330433241,326931780,330433241,326931780_592202923_9336a552afd990a1,330433241_599184977_a12723a21eb92f13,heads,miew-disk,0.5909090909090909,52.0
335935578,360881845,335935578,360881845,335935578_610375342_1f272e29660fb923,360881845_658550643_9e09ef88b1cac14e,heads,miew-disk,0.5909090909090909,52.0
340435730,345872326,322750925,328448952,340435730_619523332_c76d48a3cc939451,345872326_630390269_f140b76bbde22fd7,heads,miew-disk,0.5909090909090909,52.0
326931795,337524319,326931795,321559873,326931795_592203038_08cf6d8a4243e8e7,337524319_613596151_a7880b70c770ea66,heads,miew-aliked,0.5844155844155844,45.0
337524314,345872316,335332237,328755832,337524314_613596080_5de1cc2638cdf39e,345872316_630390100_99bcbc8387897e62,heads,miew-aliked,0.5844155844155844,45.0
340438940,351066976,326931765,330429795,340438940_619528837_d74708e17ab1a267,351066976_640608398_da2ca7de0ed32258,heads,miew-aliked,0.5844155844155844,45.0
321595642,326931791,321595642,326931791,321595642_581630599_fcbec4723811a139,326931791_592203013_f5a8a9fb884a9267,heads,miew-superpoint,0.5802469135802469,47.0
335935558,345872332,335935558,340435716,335935558_610374928_686dd173a8dd7891,345872332_630390377_446213d8780e2b81,heads,miew-disk,0.5795454545454546,51.0
333572355,360881839,322750893,328755836,333572355_605624715_38a8c85ad954b727,360881839_658549969_171502b28595689c,heads,miew-disk,0.5795454545454546,51.0
348456340,351064531,340435702,328755832,348456340_635505769_f3c4bbf35fd6754a,351064531_640602403_59b4b365ccd0678b,heads,miew-disk,0.5795454545454546,51.0
333572360,345872329,324994641,325746520,333572360_605624787_e5b5983abc95f1b0,345872329_630390329_5073e65f5fab162c,heads,miew-disk,0.5795454545454546,51.0
337429970,340435711,335332231,333572353,337429970_613395993_1fc5bc4fe12d6fa8,340435711_619522868_099cf8bb516f49d1,heads,miew-disk,0.5795454545454546,51.0
321595638,335935579,321595638,324994641,321595638_581630638_7143d1c52aacf54d,335935579_610375359_9c96131bb833f7fb,heads,miew-disk,0.5795454545454546,51.0
326931767,351064519,326931767,328755832,326931767_592202831_19d521418c456b0a,351064519_640602246_1916762f1842c055,heads,miew-disk,0.5795454545454546,51.0
326931790,330477156,326931790,330477156,326931790_592203001_92547df2738ba3e9,330477156_599274244_ce50a2404f6aa5dc,heads,miew-aliked,0.5714285714285714,44.0
321559873,335935567,321559873,335935567,321559873_581562729_115f7e675ec70b7d,335935567_610375033_aec0ef0aec0fe3d8,heads,miew-aliked,0.5714285714285714,44.0
333572355,340438957,322750893,340435702,333572355_605624715_38a8c85ad954b727,340438957_619528980_13c441cb7fb09c7d,heads,miew-aliked,0.5714285714285714,44.0
326931778,337524308,325746507,337524308,326931778_592202908_f123540513ef816f,337524308_613596031_4ee237647c22f279,heads,miew-aliked,0.5714285714285714,44.0
328755832,328755840,328755832,328755840,328755832_595796485_4183d2d06957fc65,328755840_595797068_537f7df9d1738667,heads,miew-disk,0.5681818181818182,50.0
324994647,330429795,324994647,330429795,324994647_588343493_923fbdf489aeb3c9,330429795_599178634_8e87a508b7a4a7c3,heads,miew-disk,0.5681818181818182,50.0
340435706,360881845,333572353,360881845,340435706_619522792_de3588b11c95e86c,360881845_658550643_9e09ef88b1cac14e,heads,miew-disk,0.5681818181818182,50.0
330433248,360881839,330433248,328755836,330433248_599185012_3c862e100a5c8d48,360881839_658549866_4285ac4d8f70f370,heads,miew-disk,0.5681818181818182,50.0
340435706,360881830,333572353,360881830,340435706_619522799_756d1c7d47ba19a5,360881830_658548507_043280e8a2a99176,heads,miew-disk,0.5681818181818182,50.0
351064519,360881830,328755832,360881830,351064519_640602246_1916762f1842c055,360881830_658548507_043280e8a2a99176,heads,miew-disk,0.5681818181818182,50.0
330433230,360881837,330433230,360881837,330433230_599184809_2d25014c09058192,360881837_658548858_10de3ea41d40993a,heads,miew-disk,0.5681818181818182,50.0
340438919,342033450,322750920,342033450,340438919_619528676_fed47e5f8095f11d,342033450_622780532_258af78dbdef0a29,heads,miew-disk,0.5681818181818182,50.0
326931787,328755880,325746520,328755880,326931787_592202947_855240f01c031303,328755880_595797579_c8031e32597b2167,heads,miew-disk,0.5681818181818182,50.0
325746501,340438933,325746501,340438933,325746501_589826917_9ec9f2761fede9d5,340438933_619528780_54cd516d970e66f3,heads,miew-disk,0.5681818181818182,50.0
337524309,345872336,321559873,326931780,337524309_613596051_98d10833cec52f6d,345872336_630390537_b14e7b7a65a2042b,heads,miew-disk,0.5681818181818182,50.0
335332232,360881837,321559873,360881837,335332232_609158478_5f0e45fb5b36afa6,360881837_658549019_40f3f39e96a35c76,heads,miew-disk,0.5681818181818182,50.0
328448918,340440022,328448918,340440022,328448918_595171058_86695897abbc49bf,340440022_619530778_7fe58a942e952385,heads,miew-disk,0.5681818181818182,50.0
321595643,351064538,321595643,340435702,321595643_581630639_f8a488d0d2ce68b5,351064538_640602533_404ec590b226c14f,heads,miew-disk,0.5681818181818182,50.0
342033442,351064518,335332237,337429982,342033442_622780297_88e34558fd07b16c,351064518_640602225_9f9ab9cb45c3807a,heads,miew-disk,0.5681818181818182,50.0
328448932,351064519,326931767,328755832,328448932_595171154_daa63370920a7ee5,351064519_640602261_5df9f24324b81b28,heads,miew-disk,0.5681818181818182,50.0
324994646,360881855,324994646,360881855,324994646_588343511_a29ff8272a37939d,360881855_658551893_1d9beb44fa2c514c,heads,miew-superpoint,0.5679012345679012,46.0
330463433,340435722,330463433,330477156,330463433_599247475_8978874b6326e935,340435722_619523227_397dfcd1aa76fcf3,heads,miew-superpoint,0.5679012345679012,46.0
337429982,360875374,337429982,360875374,337429982_613396541_9a864a0907c9c4a0,360875374_658544697_f86dc5b7d54555fc,heads,miew-superpoint,0.5679012345679012,46.0
340435723,345874748,340435723,345874748,340435723_619523259_176a8ee0afb69f2e,345874748_630396662_4b7ff920042ae5c8,heads,miew-superpoint,0.5679012345679012,46.0
337429963,340440032,337429963,340440032,337429963_613395829_ea59c34103f4bc9b,340440032_619530906_5436c76659b36a27,heads,miew-superpoint,0.5679012345679012,46.0
330477162,333572362,328448946,328755832,330477162_599274747_f5ae21abe9c7baea,333572362_605624796_26793e7df38eed07,heads,miew-aliked,0.5584415584415584,43.0
328755827,337429977,328755827,328448936,328755827_595796143_b258db993ab6db52,337429977_613396109_3086c2631113a7ca,heads,miew-aliked,0.5584415584415584,43.0
326931773,330433229,326931773,330433229,326931773_592202871_243f98a84b2ac8c9,330433229_599184736_2fda4123a0b7fae9,heads,miew-aliked,0.5584415584415584,43.0
326931789,335935552,326931789,322750920,326931789_592203009_a101785f22d8d7aa,335935552_610374867_42a620b4e6d4436d,heads,miew-aliked,0.5584415584415584,43.0
340435711,351066971,333572353,340435712,340435711_619522867_7fae6eaf51413506,351066971_640607990_e2b4a55a465a4c0b,heads,miew-aliked,0.5584415584415584,43.0
342033442,360881840,335332237,360881840,342033442_622780297_88e34558fd07b16c,360881840_658549544_e08c142434fe2137,heads,miew-disk,0.5568181818181818,49.0
328755840,330433241,328755840,330433241,328755840_595797068_537f7df9d1738667,330433241_599184977_a12723a21eb92f13,heads,miew-disk,0.5568181818181818,49.0
328448937,328755880,328448937,328755880,328448937_595171186_39dc718ddd0abe81,328755880_595797579_c8031e32597b2167,heads,miew-disk,0.5568181818181818,49.0
328755880,360881837,328755880,360881837,328755880_595797579_3f1c6db5de326399,360881837_658549019_509e10fd2fdd9112,front flippers,miew-aliked,1.0,121.0
342033422,342033432,342033422,328755836,342033422_622779912_da4899e485dfc085,342033432_622780055_0bb9a624a368951a,front flippers,miew-disk,1.0,121.0
342033450,351064514,342033450,351064514,342033450_622780538_c95e5458b09ea91b,351064514_640602190_1c087613fefdcd47,front flippers,miew-superpoint,1.0,128.0
322750922,328448957,322750922,328448957,322750922_583917943_e6490d023198a38a,328448957_595171307_1dc2089f070dd85a,front flippers,miew-disk,0.9917355371900827,120.0
328448958,337524310,328448958,326931780,328448958_595171309_56e8d19999629b19,337524310_613596059_a7e9ee65b00d8d29,front flippers,miew-superpoint,0.96875,124.0
345874740,360875368,335935554,360875368,345874740_630396489_e24b5f4870667020,360875368_658544141_b24396413fab3199,front flippers,miew-aliked,0.9504132231404959,115.0
321595651,330477138,321595651,324994660,321595651_581630741_6025a20713b7cede,330477138_599272245_ec0dc10dd9c3746a,front flippers,miew-disk,0.9504132231404959,115.0
324994642,345874744,324994642,345874744,324994642_588343472_d634bda2e861d843,345874744_630396578_0caa61afd7cd4425,front flippers,miew-disk,0.9338842975206612,113.0
322750896,330477138,322750896,324994660,322750896_583917882_7bcab42dfce0d341,330477138_599272132_bd7be4f2e4335c66,front flippers,miew-disk,0.9173553719008265,111.0
342033422,342033432,342033422,328755836,342033422_622779912_da4899e485dfc085,342033432_622780045_87c92d5dc598f3c2,front flippers,miew-aliked,0.9090909090909091,110.0
328448931,340440032,328448931,340440032,328448931_595171151_a3044267f3e9d6cf,340440032_619530915_28e8a09249098b06,front flippers,miew-disk,0.9008264462809917,109.0
324994650,328448957,324994650,328448957,324994650_588343540_e1f6e9ad2eefbe42,328448957_595171307_faeab18974109aca,front flippers,miew-disk,0.9008264462809917,109.0
324994642,345874744,324994642,345874744,324994642_588343472_9325c04c65c4aa8b,345874744_630396571_77355122fde25028,front flippers,miew-disk,0.9008264462809917,109.0
335332226,345874738,335332226,325746501,335332226_609158289_1dec7402e99e4837,345874738_630396459_2a99df52c0789c25,front flippers,miew-superpoint,0.8984375,115.0
330433221,337524304,330433221,337524304,330433221_599184589_696037a7ba36886f,337524304_613595944_4ef2aa7cc9de8ee8,front flippers,miew-disk,0.8842975206611571,107.0
328448932,328755847,326931767,328755847,328448932_595171154_182bdd0cc6e31610,328755847_595797401_3420e47183216918,front flippers,miew-disk,0.8842975206611571,107.0
337429967,345872322,337429967,326931767,337429967_613395881_1322d27e066a9ebb,345872322_630390205_6ecbf670486c9498,front flippers,miew-disk,0.8842975206611571,107.0
321595651,337429969,321595651,324994660,321595651_581630741_13dacbbcb1e3a3dd,337429969_613395886_c5a45beecd429710,front flippers,miew-disk,0.8842975206611571,107.0
328755855,340438933,328755855,340438933,328755855_595797476_c59f327a469ed52c,340438933_619528777_ac995fda03dba487,front flippers,miew-aliked,0.8842975206611571,107.0
351064530,360875368,335935554,360875368,351064530_640602400_0c8863393edfc846,360875368_658544141_b24396413fab3199,front flippers,miew-aliked,0.8760330578512396,106.0
340435716,351066972,340435716,351066972,340435716_619523136_8c85950294df5809,351066972_640608089_638baac51cb758aa,front flippers,miew-disk,0.8677685950413223,105.0
330477134,360881828,330477134,321595638,330477134_599271864_3ad62a8ddc6d76b5,360881828_658548252_80e3ff30491ac422,front flippers,miew-aliked,0.8677685950413223,105.0
337429961,348456353,337429961,340435712,337429961_613395827_a56092788a091783,348456353_635506193_76c1a76cf57497db,front flippers,miew-disk,0.8512396694214877,103.0
330433232,345872323,330433232,335935567,330433232_599184869_b704743eed5cd405,345872323_630390248_cc30aef1e0d622bb,front flippers,miew-aliked,0.8429752066115702,102.0
335935549,337429963,335935549,337429963,335935549_610374858_68f904af371beb5d,337429963_613395825_172d8c1e3e412ad4,front flippers,miew-disk,0.8429752066115702,102.0
330433221,337524304,330433221,337524304,330433221_599184589_a9cd546da75fe902,337524304_613595944_161a486f0c2adb9d,front flippers,miew-disk,0.8429752066115702,102.0
322750896,342033449,322750896,324994660,322750896_583917882_7bcab42dfce0d341,342033449_622780491_96f2131f110b951f,front flippers,miew-aliked,0.8347107438016529,101.0
337429961,351066971,337429961,340435712,337429961_613395820_f433a91f97074d9a,351066971_640608010_224d64cfb9abda5f,front flippers,miew-disk,0.8347107438016529,101.0
345872332,351066972,340435716,351066972,345872332_630390372_e44c45bbbefb8ce1,351066972_640608089_638baac51cb758aa,front flippers,miew-aliked,0.8347107438016529,101.0
326931760,333572354,326931760,325746505,326931760_592202806_43523d06b43cde93,333572354_605624679_3379760bac516e1e,front flippers,miew-disk,0.8347107438016529,101.0
342033450,351064514,342033450,351064514,342033450_622780518_4d19f3a5cb55cc70,351064514_640602190_1c087613fefdcd47,front flippers,miew-superpoint,0.828125,106.0
328448936,328755827,328448936,328755827,328448936_595171182_c8d84afc936ba239,328755827_595796038_c8ce5cb0a85b42b9,front flippers,miew-superpoint,0.828125,106.0
324994650,333572359,324994650,333572359,324994650_588343540_e1f6e9ad2eefbe42,333572359_605624764_f01db34e4444663d,front flippers,miew-aliked,0.8264462809917356,100.0
340440022,360875367,340440022,360875367,340440022_619530670_aa39a8b12fe6a1b9,360875367_658543813_21c4b405475e406f,front flippers,miew-aliked,0.8264462809917356,100.0
330429795,340438941,330429795,326931765,330429795_599178634_95ecced360b8bf4f,340438941_619528864_c2870d0ede000b17,front flippers,miew-aliked,0.8264462809917356,100.0
340435708,345874740,340435708,335935554,340435708_619522833_71cf803b8d80d917,345874740_630396489_e24b5f4870667020,front flippers,miew-aliked,0.8264462809917356,100.0
328448937,335935554,328448937,335935554,328448937_595171186_3ae0a5a2953f9689,335935554_610374915_6cd49f6a4d67f228,front flippers,miew-disk,0.8264462809917356,100.0
328448932,328755847,326931767,328755847,328448932_595171154_182bdd0cc6e31610,328755847_595797406_08ed24d90b439ab2,front flippers,miew-disk,0.8264462809917356,100.0
328448942,337429971,328448942,337429971,328448942_595171222_eff5ffb84a649bcc,337429971_613396259_d365896a8d244172,front flippers,miew-aliked,0.8264462809917356,100.0
326931760,345872309,326931760,325746505,326931760_592202806_43523d06b43cde93,345872309_630389739_183a6cec238ac1c7,front flippers,miew-disk,0.8181818181818182,99.0
322750899,328448963,322750899,328448963,322750899_583917894_8be3c1d7bb4cc93b,328448963_595171365_5c810785bc477266,front flippers,miew-disk,0.8181818181818182,99.0
330433232,337429978,330433232,337429978,330433232_599184869_3c3828d6bf27f275,337429978_613396133_4992b6e3fea7b32c,front flippers,miew-aliked,0.8181818181818182,99.0
330477134,360881828,330477134,321595638,330477134_599271864_3ad62a8ddc6d76b5,360881828_658548194_816467f06f239185,front flippers,miew-aliked,0.8181818181818182,99.0
340440022,360875367,340440022,360875367,340440022_619530670_aa39a8b12fe6a1b9,360875367_658544119_ed7afb6938b91c2b,front flippers,miew-aliked,0.8181818181818182,99.0
340435708,351064530,340435708,335935554,340435708_619522833_71cf803b8d80d917,351064530_640602400_0c8863393edfc846,front flippers,miew-aliked,0.8099173553719008,98.0
328448952,330429795,328448952,330429795,328448952_595171282_d3ec3e081dbb5388,330429795_599178634_b16dc22a5198d609,front flippers,miew-aliked,0.8099173553719008,98.0
328448937,351064530,328448937,335935554,328448937_595171186_bfa65b9759b73b69,351064530_640602400_0c8863393edfc846,front flippers,miew-disk,0.8099173553719008,98.0
326931756,337524304,326931756,337524304,326931756_592202722_5fead43579dd9a64,337524304_613595944_161a486f0c2adb9d,front flippers,miew-disk,0.8099173553719008,98.0
337429980,340435720,337429980,328755836,337429980_613396137_64b7cfc3294c3f2b,340435720_619523224_2a25378473ad2ff4,front flippers,miew-disk,0.8016528925619835,97.0
340438926,340440023,340438926,333572353,340438926_619528733_3da3ddabbbfce23b,340440023_619530822_37a3260e33d19838,front flippers,miew-aliked,0.8016528925619835,97.0
328448952,351066976,328448952,330429795,328448952_595171282_d3ec3e081dbb5388,351066976_640608404_e979c81ae4990ac4,front flippers,miew-aliked,0.7933884297520661,96.0
330477135,340440022,330477135,340440022,330477135_599275678_3fa7709a5dc59684,340440022_619530670_fabc4412c8a1fd22,front flippers,miew-aliked,0.7851239669421488,95.0
325746531,330463434,325746531,330463434,325746531_589836637_a4349627b9396eaf,330463434_599247489_0432ba978260eb14,front flippers,miew-disk,0.7851239669421488,95.0
337429983,340435732,335332241,340435732,337429983_613396549_096d9c9de67fad33,340435732_619523365_df442353dac0aaaa,front flippers,miew-disk,0.768595041322314,93.0
328448933,330477167,322750920,330477167,328448933_595171165_640ec72e5d5677d3,330477167_599275131_0acf4f0bce164e37,front flippers,miew-disk,0.768595041322314,93.0
328448937,360875368,328448937,360875368,328448937_595171186_bfa65b9759b73b69,360875368_658544141_b24396413fab3199,front flippers,miew-aliked,0.7603305785123967,92.0
328448962,340438948,328448962,321559873,328448962_595171357_24b994fcbd968961,340438948_619528870_6ad99f0752fcd761,front flippers,miew-disk,0.7520661157024794,91.0
348456352,351066982,348456352,351066982,348456352_635506136_58c487fb002fe07f,351066982_640608536_5e407b5255722324,front flippers,miew-disk,0.7520661157024794,91.0
328448945,330433241,328448945,330433241,328448945_595171237_551729bde97d56e9,330433241_599184961_059384ca304e9dc6,front flippers,miew-disk,0.7520661157024794,91.0
335332226,335935550,335332226,325746501,335332226_609158269_fe4b2a0829f8d9bc,335935550_610374878_e2120c80f3b08931,front flippers,miew-disk,0.7520661157024794,91.0
325746518,351066969,325746518,322750920,325746518_589836242_2631bdce46ed3f62,351066969_640608050_48af10a2205c1647,front flippers,miew-superpoint,0.75,96.0
340435706,360881845,333572353,360881845,340435706_619522804_eaf4155663bb4174,360881845_658550643_58f3deb5f54fa421,front flippers,miew-superpoint,0.75,96.0
340435713,340438932,340435713,324994660,340435713_619523063_fe0010d5c4233a2e,340438932_619528794_d8bbbcbd50b8e179,front flippers,miew-superpoint,0.75,96.0
337429967,340435714,337429967,326931767,337429967_613395859_c605d2ce44cfc38b,340435714_619522912_f8e35be31f268dd6,front flippers,miew-disk,0.743801652892562,90.0
340438933,360881844,340438933,360881844,340438933_619528780_45b9ac735be658f8,360881844_658551026_2198777c62e3e30d,front flippers,miew-aliked,0.743801652892562,90.0
328448944,342033432,328448944,328755836,328448944_595171234_147d6f0bce846e7a,342033432_622780043_05b61fc1845d8fa7,front flippers,miew-aliked,0.743801652892562,90.0
342033425,348456351,342033425,335935554,342033425_622779973_fbea40f920ab9f36,348456351_635506159_c55dde1dec472a0b,front flippers,miew-aliked,0.7355371900826446,89.0
328755855,337429981,328755855,337429981,328755855_595797476_c59f327a469ed52c,337429981_613396169_29da449ac121ef53,front flippers,miew-aliked,0.7355371900826446,89.0
321595651,337429977,321595651,328448936,321595651_581630741_13dacbbcb1e3a3dd,337429977_613396121_2254a0498a33ba1f,front flippers,miew-aliked,0.7355371900826446,89.0
340438933,360881844,340438933,360881844,340438933_619528780_6f78c6877c57b9ea,360881844_658551205_697b32ec2e0b6df2,front flippers,miew-aliked,0.7355371900826446,89.0
324994650,333572359,324994650,333572359,324994650_588343540_e1f6e9ad2eefbe42,333572359_605624766_54fd66dad30b9db0,front flippers,miew-aliked,0.7355371900826446,89.0
337429980,340435720,337429980,328755836,337429980_613396137_64b7cfc3294c3f2b,340435720_619523212_b97588d2e76e2740,front flippers,miew-disk,0.7355371900826446,89.0
328448931,337429963,328448931,337429963,328448931_595171151_6755c7f4b51c9493,337429963_613395825_9a897b8c411da9a4,front flippers,miew-aliked,0.7355371900826446,89.0
340435708,360875368,340435708,360875368,340435708_619522833_71cf803b8d80d917,360875368_658544141_b24396413fab3199,front flippers,miew-aliked,0.7272727272727273,88.0
337429981,340438933,337429981,340438933,337429981_613396169_29da449ac121ef53,340438933_619528777_ac995fda03dba487,front flippers,miew-aliked,0.71900826446281,87.0
335332241,360881840,335332241,360881840,335332241_609158710_9ea3002b36c04ede,360881840_658549544_af9fdc5799c054ee,front flippers,miew-disk,0.71900826446281,87.0
340435711,360881845,333572353,360881845,340435711_619522868_88120c60438a3146,360881845_658550643_58f3deb5f54fa421,front flippers,miew-superpoint,0.7109375,91.0
325746536,334922597,325746536,326931781,325746536_589836872_45359233f8c91e6a,334922597_608326301_bb4e519fbe64e435,front flippers,miew-disk,0.7107438016528925,86.0
328448945,330433241,328448945,330433241,328448945_595171237_551729bde97d56e9,330433241_599184977_819915b9d989a87b,front flippers,miew-aliked,0.7107438016528925,86.0
342033425,345874740,342033425,335935554,342033425_622779990_518568ad44ea8932,345874740_630396510_7570a43e3a54f210,front flippers,miew-superpoint,0.703125,90.0
337429959,351064517,337429959,351064517,337429959_613395796_d5da0fa0dad13fc8,351064517_640602213_e57f31d6c51ed5ea,front flippers,miew-disk,0.7024793388429752,85.0
330433232,335935567,330433232,335935567,330433232_599184869_b704743eed5cd405,335935567_610375028_09734cef1acf6b2d,front flippers,miew-aliked,0.6859504132231405,83.0
337429983,360881840,335332241,360881840,337429983_613396544_12c7bd9c1df84521,360881840_658549544_455c3311d318d323,front flippers,miew-aliked,0.6859504132231405,83.0
337429978,345872323,337429978,335935567,337429978_613396133_49bdf97623ca328b,345872323_630390248_cc30aef1e0d622bb,front flippers,miew-disk,0.6859504132231405,83.0
326931780,328448958,326931780,328448958,326931780_592202927_01906a138a77e1c0,328448958_595171309_56e8d19999629b19,front flippers,miew-disk,0.6859504132231405,83.0
326931793,342033444,326931793,342033444,326931793_592203025_722c329f84e5798c,342033444_622780334_fd504d4603fbeb0e,front flippers,miew-disk,0.6859504132231405,83.0
326931756,330433221,326931756,330433221,326931756_592202722_5fead43579dd9a64,330433221_599184589_a9cd546da75fe902,front flippers,miew-disk,0.6859504132231405,83.0
340435726,340435729,340435726,328448949,340435726_619523255_cd085f51c8ae0d17,340435729_619523291_63767a7f68402811,front flippers,miew-disk,0.6776859504132231,82.0
324994650,328448957,324994650,328448957,324994650_588343540_1bbdb3587f251009,328448957_595171307_1dc2089f070dd85a,front flippers,miew-disk,0.6694214876033058,81.0
328448944,330433239,328448944,328755836,328448944_595171234_147d6f0bce846e7a,330433239_599184976_934f18b68dcc8d6a,front flippers,miew-aliked,0.6694214876033058,81.0
321595651,337429977,321595651,328448936,321595651_581630741_13dacbbcb1e3a3dd,337429977_613396109_6f9f6fde8ff71496,front flippers,miew-aliked,0.6694214876033058,81.0
330477138,337429977,324994660,328448936,330477138_599272132_494e85f73673aec8,337429977_613396109_6f9f6fde8ff71496,front flippers,miew-aliked,0.6694214876033058,81.0
340435711,340438926,333572353,340438926,340435711_619522867_44eb15b8cd9cbc8a,340438926_619528705_2eed791f1867ca13,front flippers,miew-superpoint,0.6640625,85.0
340435707,342033425,340435707,342033425,340435707_619522810_ccae44f1508b1bd8,342033425_622779990_518568ad44ea8932,front flippers,miew-superpoint,0.6640625,85.0
326931793,342033444,326931793,342033444,326931793_592203025_722c329f84e5798c,342033444_622780311_6f892dfee4d919ee,front flippers,miew-superpoint,0.6640625,85.0
330477135,360875367,330477135,360875367,330477135_599275678_0169c65932478dfd,360875367_658544119_ed7afb6938b91c2b,front flippers,miew-disk,0.6611570247933884,80.0
340438920,360881840,340438920,360881840,340438920_619528675_613bdd2d9846fc32,360881840_658549544_af9fdc5799c054ee,front flippers,miew-superpoint,0.65625,84.0
328448961,328448962,321559873,328448962,328448961_595171355_730aeecf4e3a0aa5,328448962_595171357_24b994fcbd968961,front flippers,miew-disk,0.6528925619834711,79.0
330477141,337524316,328755835,328755836,330477141_599272547_ef25e36dae565702,337524316_613596119_84887e7d8d5da08a,front flippers,miew-disk,0.6528925619834711,79.0
321595642,335332233,321595642,335332233,321595642_581630599_6ef8cae577e96f62,335332233_609158426_f6f15e0534685a50,front flippers,miew-superpoint,0.6484375,83.0
340435707,342033425,340435707,342033425,340435707_619522810_ccae44f1508b1bd8,342033425_622779973_fbea40f920ab9f36,front flippers,miew-superpoint,0.640625,82.0
330477135,340440022,330477135,340440022,330477135_599275869_f65852b637023e93,340440022_619530778_540144864da05b61,front flippers,miew-disk,0.6363636363636364,77.0
322750899,325746512,322750899,325746512,322750899_583917894_df8d5a58b1b21416,325746512_589834443_6e3ad16b6d893de2,front flippers,miew-disk,0.6363636363636364,77.0
328448936,328755868,328448936,324994660,328448936_595171182_c8d84afc936ba239,328755868_595797569_d23e0724c6972772,front flippers,miew-aliked,0.6363636363636364,77.0
337429983,340435732,335332241,340435732,337429983_613396544_12c7bd9c1df84521,340435732_619523365_df442353dac0aaaa,front flippers,miew-disk,0.6363636363636364,77.0
325746520,360881855,325746520,360881855,325746520_589836350_cbd526a2232c2557,360881855_658552431_5ecfa6b39da55e0a,front flippers,miew-aliked,0.628099173553719,76.0
330477167,335935581,330477167,322750920,330477167_599275131_0acf4f0bce164e37,335935581_610375380_3bd472f16a243cfc,front flippers,miew-disk,0.628099173553719,76.0
335332241,340438920,335332241,340438920,335332241_609158702_4b6fde2b038817cb,340438920_619528675_613bdd2d9846fc32,front flippers,miew-superpoint,0.625,80.0
351064532,360875374,337429982,360875374,351064532_640602442_af240cfcf892871f,360875374_658544697_027bd440307534a1,front flippers,miew-aliked,0.6198347107438017,75.0
337429959,351064517,337429959,351064517,337429959_613395796_f7432d1c80d19aa1,351064517_640602213_3c15e3388f0e24c1,front flippers,miew-disk,0.6198347107438017,75.0
330477133,335332234,325746505,322750925,330477133_599271552_8f06e3a3d1541e52,335332234_609158516_b74f492c8ed84c89,front flippers,miew-disk,0.6198347107438017,75.0
322750893,330433221,322750893,330433221,322750893_583917877_8b13355c1048e0eb,330433221_599184599_0a909bd527696262,front flippers,miew-superpoint,0.6171875,79.0
328755827,340438932,328755827,324994660,328755827_595796038_c8ce5cb0a85b42b9,340438932_619528794_d8bbbcbd50b8e179,front flippers,miew-superpoint,0.6171875,79.0
340440025,345872337,340440025,345872337,340440025_619530846_8a88fca370ef0ddf,345872337_630390579_e1c9a8793c1181b1,front flippers,miew-aliked,0.6115702479338843,74.0
335332238,342033439,335332238,324994660,335332238_609158682_2bd926477e2b1884,342033439_622780217_f6e2d8238b25ae1f,front flippers,miew-disk,0.6115702479338843,74.0
337429963,340440032,337429963,340440032,337429963_613395837_f06e7db9c9decd68,340440032_619530905_005fec0b82743b2d,front flippers,miew-disk,0.6115702479338843,74.0
328755868,335332238,324994660,335332238,328755868_595797542_621de0685f7e6ad8,335332238_609158682_a95f6e116d9897d1,front flippers,miew-disk,0.6115702479338843,74.0
322750899,328448963,322750899,328448963,322750899_583917894_df8d5a58b1b21416,328448963_595171365_278e74914e37ef89,front flippers,miew-disk,0.6115702479338843,74.0
328755831,340438916,328755831,328755832,328755831_595796668_c54561ec2e108218,340438916_619528656_cec0ec1bcec97f9e,front flippers,miew-aliked,0.6115702479338843,74.0
328755827,337429977,328755827,328448936,328755827_595796038_c8ce5cb0a85b42b9,337429977_613396109_b982bb3f0ec3cfe7,front flippers,miew-aliked,0.6115702479338843,74.0
335935567,337429978,335935567,337429978,335935567_610375028_5e83e9f2a9a7694d,337429978_613396133_4992b6e3fea7b32c,front flippers,miew-aliked,0.6115702479338843,74.0
335935577,345872309,326931780,325746505,335935577_610375336_28fe3dcacebbb728,345872309_630389733_11b99d979651f348,front flippers,miew-disk,0.6115702479338843,74.0
326931765,351066976,326931765,330429795,326931765_592202830_2a496e4a2a886b1f,351066976_640608398_65232023f113ebe6,front flippers,miew-superpoint,0.609375,78.0
328755843,345872334,328755843,325746520,328755843_595797372_992b897b6df974c9,345872334_630390494_db6a047f44d2598e,front flippers,miew-superpoint,0.609375,78.0
322750922,328448957,322750922,328448957,322750922_583917943_68515e820e1ed9d6,328448957_595171307_faeab18974109aca,front flippers,miew-disk,0.6033057851239669,73.0
330477141,340435720,328755835,328755836,330477141_599272547_ef25e36dae565702,340435720_619523212_b97588d2e76e2740,front flippers,miew-disk,0.6033057851239669,73.0
326931779,335332234,322750916,322750925,326931779_592202917_7d60862240e6f107,335332234_609158514_2c19046352d8bd67,front flippers,miew-disk,0.6033057851239669,73.0
328448937,328448964,328448937,328448964,328448937_595171186_3ae0a5a2953f9689,328448964_595171368_32660a8cadcca081,front flippers,miew-disk,0.6033057851239669,73.0
328755855,340438933,328755855,340438933,328755855_595797476_75a43c2a8e5ddee1,340438933_619528780_45b9ac735be658f8,front flippers,miew-aliked,0.6033057851239669,73.0
330433221,333572355,330433221,322750893,330433221_599184599_0a909bd527696262,333572355_605624702_9da44974606b0bce,front flippers,miew-superpoint,0.6015625,77.0
328448941,330477158,328448941,322750925,328448941_595171207_8843cd3c64d044a5,330477158_599275705_101d4a5a77543db3,front flippers,miew-disk,0.5950413223140496,72.0
328755843,345872329,328755843,325746520,328755843_595797372_992b897b6df974c9,345872329_630390360_50fd976c3fb5f8fb,front flippers,miew-aliked,0.5785123966942148,70.0
340440032,351066967,340440032,351066967,340440032_619530905_005fec0b82743b2d,351066967_640607921_6648fc50c7059a82,front flippers,miew-disk,0.5785123966942148,70.0
325746506,325746540,325746506,325746540,325746506_589833684_7e1c3e5fc8166d63,325746540_589837030_9884ef69cf830bfb,front flippers,miew-aliked,0.5785123966942148,70.0
328755827,340435713,328755827,340435713,328755827_595796038_c8ce5cb0a85b42b9,340435713_619523063_fe0010d5c4233a2e,front flippers,miew-superpoint,0.578125,74.0
326931779,351064524,322750916,322750925,326931779_592202917_7d60862240e6f107,351064524_640602333_851b9ab44f997cd1,front flippers,miew-disk,0.5702479338842975,69.0
322750922,324994650,322750922,324994650,322750922_583917943_68515e820e1ed9d6,324994650_588343540_e1f6e9ad2eefbe42,front flippers,miew-aliked,0.5702479338842975,69.0
335935544,351064517,335935544,351064517,335935544_610374852_8a7550e10bf6dc1c,351064517_640602204_f763e1fcddabbb02,front flippers,miew-disk,0.5702479338842975,69.0
340438919,340438933,322750920,340438933,340438919_619528715_775374b9023d6227,340438933_619528780_45b9ac735be658f8,front flippers,miew-disk,0.5702479338842975,69.0
335332232,340435702,321559873,340435702,335332232_609158483_3dd8e8df9b931622,340435702_619522775_be562c2d88bf0a17,front flippers,miew-disk,0.5702479338842975,69.0
328755830,345874744,328448949,345874744,328755830_595796372_e29ae2d844029102,345874744_630396563_a02dd02f6a1fd5e2,front flippers,miew-disk,0.5702479338842975,69.0
328448941,330477158,328448941,322750925,328448941_595171207_8843cd3c64d044a5,330477158_599274435_0cb16e083550d1e6,front flippers,miew-disk,0.5702479338842975,69.0
326931757,340438933,326931757,340438933,326931757_592202718_8cde5d9d99c063c7,340438933_619528780_45b9ac735be658f8,front flippers,miew-disk,0.5702479338842975,69.0
321595649,328755862,321559873,328448949,321595649_581630750_cdba0eeb0ce0a708,328755862_595797530_f002a2cc6c7ca492,front flippers,miew-disk,0.5619834710743802,68.0
340435713,340438932,340435713,324994660,340435713_619523122_bac6d43a3bcbdfb2,340438932_619528794_d8bbbcbd50b8e179,front flippers,miew-superpoint,0.5546875,71.0
328448936,340435713,328448936,340435713,328448936_595171182_c8d84afc936ba239,340435713_619523122_bac6d43a3bcbdfb2,front flippers,miew-superpoint,0.5546875,71.0
330477148,335332226,330477148,335332226,330477148_599273331_3d3c735a3ce01614,335332226_609158289_1dec7402e99e4837,front flippers,miew-disk,0.5537190082644629,67.0
340440032,351066967,340440032,351066967,340440032_619530905_005fec0b82743b2d,351066967_640607922_37dbfa94db170f5b,front flippers,miew-disk,0.5537190082644629,67.0
335332234,340435729,322750925,328448949,335332234_609158516_b74f492c8ed84c89,340435729_619523285_81b8d074942322be,front flippers,miew-disk,0.5537190082644629,67.0
330477133,340435729,325746505,328448949,330477133_599271552_8f06e3a3d1541e52,340435729_619523291_8d2fee57f08f58de,front flippers,miew-disk,0.5537190082644629,67.0
328448931,351064524,328448931,322750925,328448931_595171151_a3044267f3e9d6cf,351064524_640602354_485da63038a813e6,front flippers,miew-disk,0.5537190082644629,67.0
340435707,348456351,340435707,335935554,340435707_619522810_ccae44f1508b1bd8,348456351_635506159_c55dde1dec472a0b,front flippers,miew-superpoint,0.546875,70.0
328755827,340435713,328755827,340435713,328755827_595796038_c8ce5cb0a85b42b9,340435713_619523122_bac6d43a3bcbdfb2,front flippers,miew-aliked,0.5454545454545454,66.0
328448936,340435713,328448936,340435713,328448936_595171182_c8d84afc936ba239,340435713_619523063_fe0010d5c4233a2e,front flippers,miew-superpoint,0.5390625,69.0
325746510,330463431,325746510,330463431,325746510_589834403_4fa0cb84d63d1c63,330463431_599247463_3e708c3661a83e84,front flippers,miew-disk,0.5371900826446281,65.0
325746512,345874744,325746512,345874744,325746512_589834443_6e3ad16b6d893de2,345874744_630396571_77355122fde25028,front flippers,miew-disk,0.5371900826446281,65.0
328448931,351064524,328448931,322750925,328448931_595171151_a3044267f3e9d6cf,351064524_640602359_3672d8dc88a40ac0,front flippers,miew-disk,0.5371900826446281,65.0
330477133,351064524,325746505,322750925,330477133_599271690_83acf470dd3daf3d,351064524_640602333_851b9ab44f997cd1,front flippers,miew-disk,0.5371900826446281,65.0
330477155,333572359,326931772,333572359,330477155_599274154_6c4ea7719c171f60,333572359_605624764_0b81b1777e372bc7,front flippers,miew-disk,0.5371900826446281,65.0
328448964,335935554,328448964,335935554,328448964_595171368_32660a8cadcca081,335935554_610374915_6cd49f6a4d67f228,front flippers,miew-disk,0.5371900826446281,65.0
328755826,328755842,326931767,326931792,328755826_595796300_6dae69535776b458,328755842_595797353_fde04948f2e30f28,front flippers,miew-superpoint,0.53125,68.0
335332228,337429961,333572353,337429961,335332228_609158341_c05accff88658a15,337429961_613395820_7ab2fc57b2105b25,front flippers,miew-disk,0.5289256198347108,64.0
345872326,351064524,328448952,322750925,345872326_630390284_b62a05c547e1e76d,351064524_640602333_851b9ab44f997cd1,front flippers,miew-disk,0.5289256198347108,64.0
326931779,328755830,322750916,328448949,326931779_592202917_7d60862240e6f107,328755830_595796372_e29ae2d844029102,front flippers,miew-disk,0.5289256198347108,64.0
325746512,330477148,325746512,330477148,325746512_589834443_6e3ad16b6d893de2,330477148_599273338_6088568440271478,front flippers,miew-disk,0.5289256198347108,64.0
324994639,325746516,324994639,322750920,324994639_588343463_31208046aeb06805,325746516_589836240_f7e86c5520cfcaa2,front flippers,miew-disk,0.5289256198347108,64.0
335332239,340435729,326931780,328448949,335332239_609158674_69634dcb14519f43,340435729_619523291_8d2fee57f08f58de,front flippers,miew-disk,0.5289256198347108,64.0
335332234,335935561,322750925,335332231,335332234_609158516_b74f492c8ed84c89,335935561_610374930_84791df209f7b634,front flippers,miew-disk,0.5289256198347108,64.0
351064514,351064517,351064514,351064517,351064514_640602191_c27a36fc97f941b4,351064517_640602204_f763e1fcddabbb02,front flippers,miew-disk,0.5289256198347108,64.0
328755830,345872336,328448949,326931780,328755830_595796372_e29ae2d844029102,345872336_630390504_de54dd7cb45b122f,front flippers,miew-disk,0.5289256198347108,64.0
328448931,330477148,328448931,330477148,328448931_595171151_6755c7f4b51c9493,330477148_599273338_6088568440271478,front flippers,miew-disk,0.5289256198347108,64.0
321595642,335332233,321595642,335332233,321595642_581630599_6ef8cae577e96f62,335332233_609158417_fa4a1ddceed47f70,front flippers,miew-superpoint,0.5234375,67.0
328755831,351064531,328755831,328755832,328755831_595796668_2440bf4bacf5bb83,351064531_640602438_1cba9dd9b75cf236,front flippers,miew-aliked,0.5206611570247934,63.0
330477163,330477174,321559873,324994660,330477163_599274884_dc01aabb04feddfb,330477174_599275479_0602683282b962d7,front flippers,miew-disk,0.5206611570247934,63.0
321595647,335332228,321595647,333572353,321595647_581630693_b9b9815c18fd14e3,335332228_609158341_c05accff88658a15,front flippers,miew-disk,0.5206611570247934,63.0
330433228,342033422,330433228,342033422,330433228_599184790_7939d74cea936394,342033422_622779912_2b94be1bb283ce8d,front flippers,miew-disk,0.5206611570247934,63.0
328448932,330477155,326931767,326931772,328448932_595171152_a3f0a8fb0a97a028,330477155_599274154_a4ead86d29ae68b6,front flippers,miew-aliked,0.5206611570247934,63.0
335332234,345872326,322750925,328448952,335332234_609158516_b74f492c8ed84c89,345872326_630390284_b62a05c547e1e76d,front flippers,miew-disk,0.5206611570247934,63.0
330477158,348456352,322750925,348456352,330477158_599275705_bf20961443016936,348456352_635506136_58c487fb002fe07f,front flippers,miew-disk,0.512396694214876,62.0
326931779,328755862,322750916,328448949,326931779_592202917_7d60862240e6f107,328755862_595797525_6f9f00cc7cee0c97,front flippers,miew-disk,0.512396694214876,62.0
328755826,333572359,326931767,333572359,328755826_595796300_5d1525740b32ef9d,333572359_605624764_0b81b1777e372bc7,front flippers,miew-disk,0.512396694214876,62.0
326931767,326931780,326931767,326931780,326931767_592202831_f9633bee384c0f58,326931780_592202925_6365ab12c649af5c,front flippers,miew-disk,0.512396694214876,62.0
324994650,345874744,324994650,345874744,324994650_588343540_1bbdb3587f251009,345874744_630396571_77355122fde25028,front flippers,miew-disk,0.512396694214876,62.0
325746512,334922597,325746512,326931781,325746512_589834443_6e3ad16b6d893de2,334922597_608326300_57c9e966e12f3cc4,front flippers,miew-disk,0.512396694214876,62.0
345872322,345874744,326931767,345874744,345872322_630390205_b1ab7194ec652d82,345874744_630396563_a02dd02f6a1fd5e2,front flippers,miew-disk,0.512396694214876,62.0
334922597,345874744,326931781,345874744,334922597_608326300_57c9e966e12f3cc4,345874744_630396571_77355122fde25028,front flippers,miew-disk,0.512396694214876,62.0
330433239,345872315,328755836,345872315,330433239_599184976_934f18b68dcc8d6a,345872315_630390090_4b631168b7de13f0,front flippers,miew-disk,0.512396694214876,62.0
330433232,335935579,330433232,324994641,330433232_599184869_b704743eed5cd405,335935579_610375359_370bfd0e1da9d199,front flippers,miew-disk,0.512396694214876,62.0
337524306,351064524,335935571,322750925,337524306_613596027_91437fb27b42a690,351064524_640602354_485da63038a813e6,front flippers,miew-disk,0.512396694214876,62.0
335332232,351066976,321559873,330429795,335332232_609158483_3dd8e8df9b931622,351066976_640608398_65232023f113ebe6,front flippers,miew-disk,0.512396694214876,62.0
335935574,342033443,335935574,342033443,335935574_610375219_187e339df75fa6e2,342033443_622780335_61682b05ec1a02a5,front flippers,miew-aliked,0.512396694214876,62.0
328755826,328755842,326931767,326931792,328755826_595796300_6dae69535776b458,328755842_595797356_23c55148ddcb9f2b,front flippers,miew-superpoint,0.5078125,65.0
340435711,351064519,333572353,328755832,340435711_619522867_44eb15b8cd9cbc8a,351064519_640602268_49f84fd79119425b,front flippers,miew-disk,0.5041322314049587,61.0
330461633,340435711,326931792,333572353,330461633_599243545_56eaf2daa94ff717,340435711_619522867_44eb15b8cd9cbc8a,front flippers,miew-disk,0.5041322314049587,61.0
333572366,340438954,333572366,325746542,333572366_605624822_318406c17fa5221b,340438954_619528927_8778de21140426fb,front flippers,miew-disk,0.5041322314049587,61.0
326931767,337429961,326931767,337429961,326931767_592202831_220a256ab45e4f42,337429961_613395820_7ab2fc57b2105b25,front flippers,miew-disk,0.5041322314049587,61.0
326931780,345872322,326931780,326931767,326931780_592202923_92b7882877719a99,345872322_630390205_b1ab7194ec652d82,front flippers,miew-disk,0.5041322314049587,61.0
333572366,335935579,333572366,324994641,333572366_605624822_318406c17fa5221b,335935579_610375350_7191a32545eff16e,front flippers,miew-disk,0.5041322314049587,61.0
326931779,345874744,322750916,345874744,326931779_592202917_7d60862240e6f107,345874744_630396578_0caa61afd7cd4425,front flippers,miew-disk,0.5041322314049587,61.0
328755862,340435709,328448949,328755832,328755862_595797525_cb8e555e2e2d49d3,340435709_619522839_a793921e442bd2ff,front flippers,miew-disk,0.5041322314049587,61.0
330433249,360875368,324994660,360875368,330433249_599185084_3b68bb945284256b,360875368_658544141_b24396413fab3199,front flippers,miew-disk,0.5041322314049587,61.0
334922597,340435729,326931781,328448949,334922597_608326301_bb4e519fbe64e435,340435729_619523285_6a646e0404421ba4,front flippers,miew-disk,0.5041322314049587,61.0
325746536,335935580,325746536,326931781,325746536_589836872_45359233f8c91e6a,335935580_610375376_5c27cdadda289b8f,front flippers,miew-superpoint,0.5,64.0
334922597,337429961,326931781,337429961,334922597_608326300_57c9e966e12f3cc4,337429961_613395820_7ab2fc57b2105b25,front flippers,miew-disk,0.49586776859504134,60.0
351064528,351064532,351064528,337429982,351064528_640602380_16816a9f70c52623,351064532_640602452_4108257df16dd9dc,front flippers,miew-disk,0.49586776859504134,60.0
335332239,340438926,326931780,340438926,335332239_609158674_69634dcb14519f43,340438926_619528733_3da3ddabbbfce23b,front flippers,miew-disk,0.49586776859504134,60.0
328755862,337524306,328448949,335935571,328755862_595797525_6f9f00cc7cee0c97,337524306_613596014_b898a6a37260b521,front flippers,miew-disk,0.49586776859504134,60.0
335935570,340435729,322750925,328448949,335935570_610375071_09a0c09673c679d6,340435729_619523291_8d2fee57f08f58de,front flippers,miew-disk,0.49586776859504134,60.0
340435714,360881844,326931767,360881844,340435714_619522912_f8e35be31f268dd6,360881844_658551205_697b32ec2e0b6df2,front flippers,miew-disk,0.49586776859504134,60.0
330433232,337429978,330433232,337429978,330433232_599184894_ea0fe6ff887d343b,337429978_613396133_49bdf97623ca328b,front flippers,miew-disk,0.49586776859504134,60.0
326931787,330477163,325746520,321559873,326931787_592202964_68bf431cf378c4d1,330477163_599274884_dc01aabb04feddfb,front flippers,miew-disk,0.49586776859504134,60.0
328755832,345872322,328755832,326931767,328755832_595796459_6ee9c0f253569d63,345872322_630390205_b1ab7194ec652d82,front flippers,miew-disk,0.49586776859504134,60.0
328755830,340435714,328448949,326931767,328755830_595796372_e29ae2d844029102,340435714_619522912_a64b3282ad4f004d,front flippers,miew-disk,0.49586776859504134,60.0
324994642,328755862,324994642,328448949,324994642_588343472_d634bda2e861d843,328755862_595797530_f002a2cc6c7ca492,front flippers,miew-disk,0.49586776859504134,60.0
324994660,330477163,324994660,321559873,324994660_588343573_a6589bba886c5363,330477163_599274959_da51c11942633384,front flippers,miew-disk,0.49586776859504134,60.0
325746525,335935570,325746525,322750925,325746525_589836351_58df8b1515507fc1,335935570_610375071_09a0c09673c679d6,front flippers,miew-disk,0.49586776859504134,60.0
324994650,351064524,324994650,322750925,324994650_588343540_e1f6e9ad2eefbe42,351064524_640602354_485da63038a813e6,front flippers,miew-disk,0.49586776859504134,60.0
324994639,325746516,324994639,322750920,324994639_588343463_31208046aeb06805,325746516_589836058_8d063c9d24e50a83,front flippers,miew-disk,0.49586776859504134,60.0
342033432,345872334,328755836,325746520,342033432_622780043_05b61fc1845d8fa7,345872334_630390494_44c59fdd59cffd5c,front flippers,miew-aliked,0.49586776859504134,60.0
328448920,328448965,328448920,328448965,328448920_595171056_34802f7d2503145d,328448965_595171372_1a4ca46787f2caef,front flippers,miew-superpoint,0.4921875,63.0
326931765,328448952,326931765,328448952,326931765_592202830_2a496e4a2a886b1f,328448952_595171282_d3ec3e081dbb5388,front flippers,miew-superpoint,0.4921875,63.0
326931764,330463434,325746531,330463434,326931764_592202810_d12ee160d9afd56b,330463434_599247489_0432ba978260eb14,front flippers,miew-aliked,0.48760330578512395,59.0
337429981,340438933,337429981,340438933,337429981_613396169_29da449ac121ef53,340438933_619528800_fb52cba1421c3622,front flippers,miew-aliked,0.48760330578512395,59.0
351064514,351064517,351064514,351064517,351064514_640602190_1c087613fefdcd47,351064517_640602204_f763e1fcddabbb02,front flippers,miew-disk,0.48760330578512395,59.0
351064524,351066979,322750925,351066979,351064524_640602333_851b9ab44f997cd1,351066979_640608433_4291c6f8eacd67c1,front flippers,miew-disk,0.48760330578512395,59.0
330477163,351064538,321559873,340435702,330477163_599274884_dc01aabb04feddfb,351064538_640602533_d63638b7a8fe2da8,front flippers,miew-disk,0.48760330578512395,59.0
333572362,340438919,328755832,322750920,333572362_605624804_ae6be42aba8cd870,340438919_619528715_6b7abf2f1c0b5ec3,front flippers,miew-disk,0.48760330578512395,59.0
326931774,334922598,326931772,326931780,326931774_592202884_341457e205e5d79a,334922598_608326312_5e484dcb29032a1a,front flippers,miew-disk,0.48760330578512395,59.0
337429963,340440032,337429963,340440032,337429963_613395825_172d8c1e3e412ad4,340440032_619530915_28e8a09249098b06,front flippers,miew-disk,0.48760330578512395,59.0
328755862,337524306,328448949,335935571,328755862_595797525_cb8e555e2e2d49d3,337524306_613596014_b3701fefcc4315e2,front flippers,miew-disk,0.48760330578512395,59.0
326931780,351064517,326931780,351064517,326931780_592202923_fe0cf229a2536f07,351064517_640602193_ebcffee708fd1066,front flippers,miew-disk,0.48760330578512395,59.0
337429970,345872336,335332231,326931780,337429970_613395993_980ef6261789f447,345872336_630390499_d5dcf88ff4c5b508,front flippers,miew-disk,0.48760330578512395,59.0
335935566,345874744,333572353,345874744,335935566_610375023_d1cc2b9dcd7f18aa,345874744_630396571_77355122fde25028,front flippers,miew-disk,0.48760330578512395,59.0
335332234,351066979,322750925,351066979,335332234_609158514_2c19046352d8bd67,351066979_640608433_4291c6f8eacd67c1,front flippers,miew-disk,0.48760330578512395,59.0
335332234,340435714,322750925,326931767,335332234_609158514_2c19046352d8bd67,340435714_619522911_e9bbc20bde694935,front flippers,miew-disk,0.48760330578512395,59.0
335332232,351066976,321559873,330429795,335332232_609158483_3dd8e8df9b931622,351066976_640608391_14258f260fe59631,front flippers,miew-disk,0.48760330578512395,59.0
328755862,335935569,328448949,321559873,328755862_595797530_f924b2577b1176b9,335935569_610375044_ed2c7a664b3fae84,front flippers,miew-disk,0.48760330578512395,59.0
335935570,360881844,322750925,360881844,335935570_610375062_b221d0b8eae555f4,360881844_658551042_c9c55301bbf2e4d1,front flippers,miew-disk,0.48760330578512395,59.0
325746505,351064517,325746505,351064517,325746505_589827020_640ee9ee2f1c4a88,351064517_640602213_3c15e3388f0e24c1,front flippers,miew-disk,0.48760330578512395,59.0
322750893,326931757,322750893,326931757,322750893_583917877_8b13355c1048e0eb,326931757_592202718_517d6da83c9cc596,front flippers,miew-disk,0.48760330578512395,59.0
335935567,337429978,335935567,337429978,335935567_610375033_c6a263d5e14d7a2e,337429978_613396133_3433a446b9fbf313,rear flippers,miew-aliked,1.0,99.0
325746531,330463434,325746531,330463434,325746531_589836637_288239b2e8aeffc2,330463434_599247489_407637917029ea3c,rear flippers,miew-aliked,1.0,99.0
335935567,337429978,335935567,337429978,335935567_610375028_6a809ffe0fabac25,337429978_613396133_3433a446b9fbf313,rear flippers,miew-superpoint,1.0,89.0
322750899,325746512,322750899,325746512,322750899_583917894_b772efa743b8a3d3,325746512_589834443_ca52ed4dd31e2a0c,rear flippers,miew-disk,1.0,111.0
326931790,330477156,326931790,330477156,326931790_592203001_00da2bdf8e852868,330477156_599274244_5a11fa21eedbf92c,rear flippers,miew-superpoint,0.9887640449438202,88.0
345874748,345874754,345874748,345874754,345874748_630396651_0f3b702949accc65,345874754_630396705_0a9719412d4d42a2,rear flippers,miew-superpoint,0.9887640449438202,88.0
330477167,345874735,330477167,322750920,330477167_599275070_71820e561742bd06,345874735_630396305_a6324dea309a9efd,rear flippers,miew-aliked,0.9797979797979798,97.0
330433232,345872323,330433232,335935567,330433232_599184869_6ab65f60fd9812c4,345872323_630390248_867db7cbbbf9487a,rear flippers,miew-aliked,0.9696969696969697,96.0
330477167,345874735,330477167,322750920,330477167_599275131_560fb2c637e8f2af,345874735_630396305_a6324dea309a9efd,rear flippers,miew-aliked,0.9494949494949495,94.0
335935558,345872332,335935558,340435716,335935558_610374928_2191a41ecb6e3c06,345872332_630390377_08a4bf27aa93d7f0,rear flippers,miew-disk,0.9459459459459459,105.0
328755862,340435726,328448949,340435726,328755862_595797530_59d075b7d237f1a7,340435726_619523255_f3368df96b1d5115,rear flippers,miew-aliked,0.9393939393939394,93.0
326931760,330477133,326931760,325746505,326931760_592202806_eaece3aba5b26295,330477133_599271690_58913bae99502b56,rear flippers,miew-disk,0.9099099099099099,101.0
328755827,330477174,328755827,324994660,328755827_595796038_53dbf6453d4b4722,330477174_599275479_033728c412674479,rear flippers,miew-aliked,0.898989898989899,89.0
330477174,337429977,324994660,328448936,330477174_599275479_033728c412674479,337429977_613396109_8d5ae83f919ce7be,rear flippers,miew-aliked,0.898989898989899,89.0
325746510,330463431,325746510,330463431,325746510_589834403_6eb04efe67570544,330463431_599247463_743b010dffd7ed75,rear flippers,miew-aliked,0.898989898989899,89.0
340440022,360875367,340440022,360875367,340440022_619530670_72f87beb19e48fe6,360875367_658544119_a17b2e1981373e34,rear flippers,miew-aliked,0.8888888888888888,88.0
328755844,335332236,328755844,335332236,328755844_595797374_81471e6e5f2d9a07,335332236_609158631_383b59513d0793d5,rear flippers,miew-aliked,0.8888888888888888,88.0
330429795,340438941,330429795,326931765,330429795_599178634_5704eeb07678e37d,340438941_619528874_9771aed306f8e52e,rear flippers,miew-superpoint,0.8876404494382022,79.0
328755830,330477152,328448949,330477152,328755830_595796372_8a6256aee092e871,330477152_599273991_4aede16d12916fae,rear flippers,miew-disk,0.8828828828828829,98.0
340440022,360875367,340440022,360875367,340440022_619530670_72f87beb19e48fe6,360875367_658543832_b946834e7b5859c4,rear flippers,miew-aliked,0.8787878787878788,87.0
326931790,330477156,326931790,330477156,326931790_592203001_00da2bdf8e852868,330477156_599274241_f3385adb63a9d64c,rear flippers,miew-superpoint,0.8764044943820225,78.0
330477141,348456345,328755835,328755836,330477141_599272547_65fa6dae5b36d794,348456345_635505956_87773c785c332fcd,rear flippers,miew-superpoint,0.8651685393258427,77.0
340435723,342033443,340435723,342033443,340435723_619523252_fe4b42022ad10886,342033443_622780335_9dcde19f64f6bf68,rear flippers,miew-superpoint,0.8651685393258427,77.0
335935558,345872332,335935558,340435716,335935558_610374928_2191a41ecb6e3c06,345872332_630390372_08580beb6e8b80a9,rear flippers,miew-aliked,0.8585858585858586,85.0
328755862,330477152,328448949,330477152,328755862_595797530_59d075b7d237f1a7,330477152_599273991_4aede16d12916fae,rear flippers,miew-disk,0.8558558558558559,95.0
342033443,342033444,342033443,342033444,342033443_622780337_d203da1923d4ee06,342033444_622780334_12d9c8049e0669ac,rear flippers,miew-disk,0.8558558558558559,95.0
330477141,337524316,328755835,328755836,330477141_599272547_65fa6dae5b36d794,337524316_613596123_afe1646b708713ff,rear flippers,miew-superpoint,0.8539325842696629,76.0
330433232,335935567,330433232,335935567,330433232_599184869_6ab65f60fd9812c4,335935567_610375033_c6a263d5e14d7a2e,rear flippers,miew-aliked,0.8484848484848485,84.0
328755862,340435726,328448949,340435726,328755862_595797525_e855e9dd71273076,340435726_619523255_f3368df96b1d5115,rear flippers,miew-disk,0.8468468468468469,94.0
342033443,342033444,342033443,342033444,342033443_622780335_9dcde19f64f6bf68,342033444_622780334_12d9c8049e0669ac,rear flippers,miew-disk,0.8378378378378378,93.0
328448941,335332234,328448941,322750925,328448941_595171207_375f588139ab122c,335332234_609158514_147a2333cafd173c,rear flippers,miew-disk,0.8378378378378378,93.0
325746512,328448963,325746512,328448963,325746512_589834443_ca52ed4dd31e2a0c,328448963_595171365_4613d03a6ee2aaaa,rear flippers,miew-superpoint,0.8314606741573034,74.0
328448941,335935570,328448941,322750925,328448941_595171207_375f588139ab122c,335935570_610375062_5889f080297f601f,rear flippers,miew-disk,0.8288288288288288,92.0
335332226,335935550,335332226,325746501,335332226_609158289_b3accca2f4ed4d44,335935550_610374880_3aa7a9ae872591ce,rear flippers,miew-disk,0.8288288288288288,92.0
335935574,342033443,335935574,342033443,335935574_610375219_f720f840e5c78cdd,342033443_622780335_9dcde19f64f6bf68,rear flippers,miew-aliked,0.8282828282828283,82.0
330477135,360875367,330477135,360875367,330477135_599275678_ed20294a34511a6e,360875367_658544119_a17b2e1981373e34,rear flippers,miew-aliked,0.8282828282828283,82.0
328755827,330433249,328755827,324994660,328755827_595796038_53dbf6453d4b4722,330433249_599185071_95fa2b3b83b6bfc1,rear flippers,miew-superpoint,0.8202247191011236,73.0
328448936,330477138,328448936,324994660,328448936_595171179_d56d5d2a423b64d2,330477138_599272132_b0d502f409358007,rear flippers,miew-superpoint,0.8202247191011236,73.0
324994642,345874744,324994642,345874744,324994642_588343472_ec3d8fb27223f888,345874744_630396578_17d459f7d5b3ed75,rear flippers,miew-disk,0.8198198198198198,91.0
321595643,326931796,321595643,322750920,321595643_581630639_4915804bcee961ef,326931796_592203035_8881ace771485f4a,rear flippers,miew-disk,0.8108108108108109,90.0
330433232,337429978,330433232,337429978,330433232_599184869_6ab65f60fd9812c4,337429978_613396133_3433a446b9fbf313,rear flippers,miew-aliked,0.8080808080808081,80.0
330477132,360881822,330477132,360881822,330477132_599271508_84419637987d4d93,360881822_658546897_cc8e5796377ea7b7,rear flippers,miew-aliked,0.797979797979798,79.0
328448918,330477135,328448918,330477135,328448918_595171058_ec535e4399ca69e0,330477135_599275678_ed20294a34511a6e,rear flippers,miew-disk,0.7927927927927928,88.0
328755844,335332236,328755844,335332236,328755844_595797370_e47cd53e31611352,335332236_609158631_383b59513d0793d5,rear flippers,miew-aliked,0.7878787878787878,78.0
340435723,342033443,340435723,342033443,340435723_619523248_1d11f92cbb7e64ea,342033443_622780337_d203da1923d4ee06,rear flippers,miew-disk,0.7747747747747747,86.0
337429972,340438947,335935571,340438947,337429972_613396044_26654396e3888754,340438947_619528880_a64081b5a68c03eb,rear flippers,miew-aliked,0.7676767676767676,76.0
330433221,337524304,330433221,337524304,330433221_599184589_734bcdf9a325ad86,337524304_613595944_1471e7479f641c4c,rear flippers,miew-disk,0.7657657657657657,85.0
330429795,340438940,330429795,326931765,330429795_599178634_5704eeb07678e37d,340438940_619528852_4aaf0f5f10fbcb5e,rear flippers,miew-superpoint,0.7640449438202247,68.0
337429981,340438933,337429981,340438933,337429981_613396176_ea4c0d9dbdbcfbcd,340438933_619528780_1777092ca8c3658b,rear flippers,miew-disk,0.7567567567567568,84.0
340438933,360881844,340438933,360881844,340438933_619528800_940d36f88027bd79,360881844_658551042_9c5f112f87a247cb,rear flippers,miew-superpoint,0.7528089887640449,67.0
325746535,330433248,325746535,330433248,325746535_589836881_2dccbd96194521f2,330433248_599185031_64f9d3f2afaed607,rear flippers,miew-disk,0.7477477477477478,83.0
324994658,360881855,324994658,360881855,324994658_588343560_8109606831260419,360881855_658552431_84a3c6e11290d5c2,rear flippers,miew-disk,0.7477477477477478,83.0
337429981,360881844,337429981,360881844,337429981_613396169_24f9ca6d04ce7ae5,360881844_658551205_8efbc124e5c301c4,rear flippers,miew-aliked,0.7474747474747475,74.0
340435707,348456351,340435707,335935554,340435707_619522803_1422acd3f5172f0c,348456351_635506181_83bff0ac101b9a88,rear flippers,miew-superpoint,0.7415730337078652,66.0
326931760,345872309,326931760,325746505,326931760_592202806_eaece3aba5b26295,345872309_630389942_aa3757ab61ae0b7f,rear flippers,miew-disk,0.7387387387387387,82.0
337429981,340438933,337429981,340438933,337429981_613396169_24f9ca6d04ce7ae5,340438933_619528780_1777092ca8c3658b,rear flippers,miew-aliked,0.7373737373737373,73.0
342033450,351064514,342033450,351064514,342033450_622780518_28a362a5e1b7f34e,351064514_640602190_f666b0b6897d9fd9,rear flippers,miew-aliked,0.7373737373737373,73.0
328755827,337429977,328755827,328448936,328755827_595796038_53dbf6453d4b4722,337429977_613396109_8d5ae83f919ce7be,rear flippers,miew-aliked,0.7373737373737373,73.0
321595643,342033421,321595643,322750920,321595643_581630639_4915804bcee961ef,342033421_622779867_19ea0af305bd537a,rear flippers,miew-superpoint,0.7303370786516854,65.0
322750899,328448963,322750899,328448963,322750899_583917894_b772efa743b8a3d3,328448963_595171365_4613d03a6ee2aaaa,rear flippers,miew-aliked,0.7272727272727273,72.0
340438940,348456354,326931765,328448952,340438940_619528826_67c7560e568d1ca6,348456354_635506285_ad93ea80538e5aa9,rear flippers,miew-superpoint,0.7191011235955056,64.0
348456345,351064537,328755836,351064537,348456345_635505978_29c4dbdf3514f64e,351064537_640602524_626614484adfbb49,rear flippers,miew-superpoint,0.7191011235955056,64.0
345872311,351064537,328755836,351064537,345872311_630390029_6a887001e92ab115,351064537_640602524_626614484adfbb49,rear flippers,miew-superpoint,0.7191011235955056,64.0
340435723,345874748,340435723,345874748,340435723_619523252_fe4b42022ad10886,345874748_630396651_0f3b702949accc65,rear flippers,miew-superpoint,0.7191011235955056,64.0
340435723,345874754,340435723,345874754,340435723_619523252_fe4b42022ad10886,345874754_630396705_0a9719412d4d42a2,rear flippers,miew-superpoint,0.7191011235955056,64.0
342033450,351064514,342033450,351064514,342033450_622780538_8454cc54567faf2f,351064514_640602190_f666b0b6897d9fd9,rear flippers,miew-aliked,0.7171717171717171,71.0
335332226,345874738,335332226,325746501,335332226_609158289_b3accca2f4ed4d44,345874738_630396459_b3d87440f504fe44,rear flippers,miew-aliked,0.7171717171717171,71.0
325746518,326931769,325746518,322750920,325746518_589836242_021a88b525783eac,326931769_592202859_14c4cb79f4b9a32b,rear flippers,miew-aliked,0.7171717171717171,71.0
337429959,351064517,337429959,351064517,337429959_613395796_3924e1d86ea8079d,351064517_640602213_1be47f0b6ca98bb9,rear flippers,miew-disk,0.7027027027027027,78.0
337429959,351064517,337429959,351064517,337429959_613395788_7ed879122062b66b,351064517_640602213_1be47f0b6ca98bb9,rear flippers,miew-disk,0.7027027027027027,78.0
322750896,342033449,322750896,324994660,322750896_583917882_c748d61b9ca86bb2,342033449_622780492_7822e38d90985add,rear flippers,miew-superpoint,0.6966292134831461,62.0
330463433,340435722,330463433,330477156,330463433_599247475_e50091e32b59d90c,340435722_619523230_df3381c3e1751936,rear flippers,miew-disk,0.6936936936936937,77.0
328448923,351064531,328448923,328755832,328448923_595171118_50eb4600a0c72958,351064531_640602414_11729ae08aec4065,rear flippers,miew-disk,0.6936936936936937,77.0
324994647,330429795,324994647,330429795,324994647_588343493_caefea6a568a7e95,330429795_599178634_5704eeb07678e37d,rear flippers,miew-disk,0.6936936936936937,77.0
330477134,333572365,330477134,321595638,330477134_599271864_0626209d3235f077,333572365_605624809_c9c5997068cedbac,rear flippers,miew-disk,0.6936936936936937,77.0
328448937,342033430,328448937,342033430,328448937_595171186_d55f3016425de413,342033430_622780622_6668369e2e95cee2,rear flippers,miew-disk,0.6936936936936937,77.0
324994658,360881855,324994658,360881855,324994658_588343560_8109606831260419,360881855_658552181_0ac3aa34551ff13c,rear flippers,miew-aliked,0.6868686868686869,68.0
322750896,330477138,322750896,324994660,322750896_583917882_c748d61b9ca86bb2,330477138_599272245_c75d8d615e36231b,rear flippers,miew-aliked,0.6868686868686869,68.0
335935554,342033430,335935554,342033430,335935554_610374921_e569ea464980a421,342033430_622780622_6668369e2e95cee2,rear flippers,miew-disk,0.6846846846846847,76.0
328448923,351064531,328448923,328755832,328448923_595171118_50eb4600a0c72958,351064531_640602429_6479f1a459b20c14,rear flippers,miew-disk,0.6846846846846847,76.0
328448920,328448965,328448920,328448965,328448920_595171056_b53fcbe1a6810398,328448965_595171372_2f97e93587d3e2d8,rear flippers,miew-disk,0.6846846846846847,76.0
337429981,360881844,337429981,360881844,337429981_613396169_24f9ca6d04ce7ae5,360881844_658551042_9c5f112f87a247cb,rear flippers,miew-aliked,0.6767676767676768,67.0
330477134,333572365,330477134,321595638,330477134_599271864_0626209d3235f077,333572365_605624816_082d979d454fd75c,rear flippers,miew-superpoint,0.6741573033707865,60.0
325746536,351064521,325746536,326931781,325746536_589836872_dfbcad39639e05c9,351064521_640602295_72d23a8db1400af7,rear flippers,miew-superpoint,0.6741573033707865,60.0
340435723,345874754,340435723,345874754,340435723_619523248_1d11f92cbb7e64ea,345874754_630396705_0a9719412d4d42a2,rear flippers,miew-aliked,0.6666666666666666,66.0
348456352,351066982,348456352,351066982,348456352_635506127_d4fc69688d6c77f9,351066982_640608547_88c5c499f7d081d3,rear flippers,miew-disk,0.6666666666666666,74.0
324994639,351064522,324994639,322750920,324994639_588343463_3ccb32ff2424b2ce,351064522_640602301_d6bb1c25ad79d3a6,rear flippers,miew-disk,0.6576576576576577,73.0
340438940,348456354,326931765,328448952,340438940_619528826_67c7560e568d1ca6,348456354_635506274_ee6feeb7f951d4b7,rear flippers,miew-superpoint,0.651685393258427,58.0
348456352,351066982,348456352,351066982,348456352_635506127_d4fc69688d6c77f9,351066982_640608553_dc5a83a8f45d028e,rear flippers,miew-superpoint,0.651685393258427,58.0
328755832,330477166,328755832,326931772,328755832_595796459_dd2aedeb3af064a5,330477166_599275058_965e7da2320d0eaa,rear flippers,miew-disk,0.6486486486486487,72.0
348456345,351064519,328755836,328755832,348456345_635505956_87773c785c332fcd,351064519_640602268_d3dc3807318e74f4,rear flippers,miew-disk,0.6486486486486487,72.0
348456349,360881845,333572353,360881845,348456349_635506097_8f92da30cf324a8e,360881845_658550261_c8bf9cfe53121100,rear flippers,miew-disk,0.6486486486486487,72.0
328755827,337429977,328755827,328448936,328755827_595796143_5bced09081d7aa4a,337429977_613396121_e0b0396cedfd2301,rear flippers,miew-aliked,0.6464646464646465,64.0
324994644,330477174,324994644,324994660,324994644_588343491_4489a3f3772aabb5,330477174_599275479_033728c412674479,rear flippers,miew-disk,0.6396396396396397,71.0
330433232,337429978,330433232,337429978,330433232_599184894_32fa4cb83574b141,337429978_613396133_3433a446b9fbf313,rear flippers,miew-disk,0.6396396396396397,71.0
324994639,360881853,324994639,322750920,324994639_588343463_3ccb32ff2424b2ce,360881853_658551455_66aa5817d95fcae2,rear flippers,miew-disk,0.6396396396396397,71.0
335935578,340435706,335935578,333572353,335935578_610375342_1a259b3f54509ae1,340435706_619522792_46a8e2154f1600fa,rear flippers,miew-aliked,0.6363636363636364,63.0
328755855,340438933,328755855,340438933,328755855_595797476_57f072f8ac0ef58d,340438933_619528780_1777092ca8c3658b,rear flippers,miew-disk,0.6306306306306306,70.0
337524309,345872336,321559873,326931780,337524309_613596051_5a093911381ad712,345872336_630390532_068195e6be97e322,rear flippers,miew-disk,0.6306306306306306,70.0
321595649,348456354,321559873,328448952,321595649_581630750_159246a82f209491,348456354_635506285_ad93ea80538e5aa9,rear flippers,miew-disk,0.6306306306306306,70.0
348456349,360881845,333572353,360881845,348456349_635506097_8f92da30cf324a8e,360881845_658550643_793cf764834d2a5d,rear flippers,miew-aliked,0.6262626262626263,62.0
326931776,337429971,326931776,337429971,326931776_592202898_e057e0c2e7fe91a9,337429971_613396256_67b5c7bbb3767a47,rear flippers,miew-aliked,0.6262626262626263,62.0
328448937,335935554,328448937,335935554,328448937_595171186_d55f3016425de413,335935554_610374915_92418e48ce1cb21d,rear flippers,miew-disk,0.6216216216216216,69.0
330477135,340440022,330477135,340440022,330477135_599275678_ed20294a34511a6e,340440022_619530662_39ee51fc846f42ad,rear flippers,miew-disk,0.6216216216216216,69.0
328755840,342033424,328755840,322750920,328755840_595797068_9d6c89b34b14544f,342033424_622779954_d334024512695926,rear flippers,miew-disk,0.6216216216216216,69.0
325746536,340435710,325746536,326931781,325746536_589836872_dfbcad39639e05c9,340435710_619522865_4041759b3bf8b01a,rear flippers,miew-superpoint,0.6179775280898876,55.0
325746531,340435706,325746531,333572353,325746531_589836637_288239b2e8aeffc2,340435706_619522792_46a8e2154f1600fa,rear flippers,miew-disk,0.6126126126126126,68.0
326931756,337524304,326931756,337524304,326931756_592202722_aec6a02b4399fc32,337524304_613595944_1471e7479f641c4c,rear flippers,miew-disk,0.6126126126126126,68.0
328448918,360875367,328448918,360875367,328448918_595171058_ec535e4399ca69e0,360875367_658544119_a17b2e1981373e34,rear flippers,miew-disk,0.6126126126126126,68.0
324994647,340438941,324994647,326931765,324994647_588343493_caefea6a568a7e95,340438941_619528874_9771aed306f8e52e,rear flippers,miew-disk,0.6126126126126126,68.0
326931793,342033444,326931793,342033444,326931793_592203025_1d7ea9de97b6e817,342033444_622780373_ea1c283a7dd27804,rear flippers,miew-disk,0.6126126126126126,68.0
333572354,345872332,325746505,340435716,333572354_605624679_0f0dc0b26bda45a4,345872332_630390368_16515cd425b4116e,rear flippers,miew-disk,0.6036036036036037,67.0
337524306,340438947,335935571,340438947,337524306_613596017_77f669add390b2ca,340438947_619528889_2fb32d898557ac72,rear flippers,miew-aliked,0.5959595959595959,59.0
328755832,335332239,328755832,326931780,328755832_595796459_dd2aedeb3af064a5,335332239_609158678_f535013828742801,rear flippers,miew-disk,0.5945945945945946,66.0
322750899,345874747,322750899,345874747,322750899_583917894_b772efa743b8a3d3,345874747_630396615_25863dc510c82708,rear flippers,miew-disk,0.5945945945945946,66.0
342033422,342033432,342033422,328755836,342033422_622779912_b3dacb2c6fb5ccdd,342033432_622780043_141b31f4f556e9f4,rear flippers,miew-disk,0.5945945945945946,66.0
325746535,330433248,325746535,330433248,325746535_589836881_2dccbd96194521f2,330433248_599185012_99978a46a792e3ef,rear flippers,miew-disk,0.5945945945945946,66.0
325746525,340435722,325746525,330477156,325746525_589836351_32e3962e825fdf1a,340435722_619523233_fd8adec8d914cfcc,rear flippers,miew-disk,0.5945945945945946,66.0
345872332,351064517,340435716,351064517,345872332_630390368_16515cd425b4116e,351064517_640602213_1be47f0b6ca98bb9,rear flippers,miew-disk,0.5945945945945946,66.0
322750922,333572359,322750922,333572359,322750922_583917943_51a77b7a2d0b48da,333572359_605624764_de3bab150f5b6bcd,rear flippers,miew-aliked,0.5858585858585859,58.0
335935578,340435706,335935578,333572353,335935578_610375342_1a259b3f54509ae1,340435706_619522786_adb428576fbe4760,rear flippers,miew-aliked,0.5858585858585859,58.0
330433239,342033422,328755836,342033422,330433239_599184976_43c1709a1b285db8,342033422_622779912_b3dacb2c6fb5ccdd,rear flippers,miew-disk,0.5855855855855856,65.0
340435707,340435708,340435707,340435708,340435707_619522813_6b425b198adad966,340435708_619522833_8f6c1011d320f9cb,rear flippers,miew-disk,0.5855855855855856,65.0
328755830,351064524,328448949,322750925,328755830_595796372_8a6256aee092e871,351064524_640602354_7b190fd11841ccfd,rear flippers,miew-disk,0.5855855855855856,65.0
337429961,345874739,337429961,340435712,337429961_613395827_1edc3c6c57821f54,345874739_630396487_ff8d06028c6dd2fb,rear flippers,miew-disk,0.5855855855855856,65.0
337429959,337524309,337429959,321559873,337429959_613395788_7ed879122062b66b,337524309_613596051_5a093911381ad712,rear flippers,miew-disk,0.5855855855855856,65.0
328755840,330477167,328755840,330477167,328755840_595797068_9d6c89b34b14544f,330477167_599275131_560fb2c637e8f2af,rear flippers,miew-superpoint,0.5842696629213483,52.0
326931793,342033444,326931793,342033444,326931793_592203025_1d7ea9de97b6e817,342033444_622780334_16600677ceb67c29,rear flippers,miew-superpoint,0.5842696629213483,52.0
351064519,351064524,328755832,322750925,351064519_640602261_e7867e0204cb3a2a,351064524_640602359_4c96ea92adcb5a2b,rear flippers,miew-disk,0.5765765765765766,64.0
330433247,360881862,330433247,360881862,330433247_599184991_9cbde0e60cac3dde,360881862_658553281_f458a20fd425d348,rear flippers,miew-disk,0.5765765765765766,64.0
328755840,342033424,328755840,322750920,328755840_595797068_9d6c89b34b14544f,342033424_622779950_21d4029ff31760e9,rear flippers,miew-disk,0.5765765765765766,64.0
328448944,351066968,328448944,328755836,328448944_595171234_18875703606da13a,351066968_640607983_c18b26dbbc15b45c,rear flippers,miew-aliked,0.5757575757575758,57.0
324994653,326931786,324994653,326931786,324994653_588343546_cca95b477f0c640d,326931786_592202986_65ee41fbc33e5769,rear flippers,miew-aliked,0.5757575757575758,57.0
325746518,345872317,325746518,322750920,325746518_589836242_021a88b525783eac,345872317_630390586_7f5e5bbbc6ef3b64,rear flippers,miew-aliked,0.5757575757575758,57.0
335935578,360881845,335935578,360881845,335935578_610375342_1a259b3f54509ae1,360881845_658550261_c8bf9cfe53121100,rear flippers,miew-superpoint,0.5730337078651685,51.0
345872336,360881855,326931780,360881855,345872336_630390532_068195e6be97e322,360881855_658552431_84a3c6e11290d5c2,rear flippers,miew-disk,0.5675675675675675,63.0
337524311,340438933,337524311,340438933,337524311_613596066_eaaf813caaac33da,340438933_619528800_940d36f88027bd79,rear flippers,miew-disk,0.5675675675675675,63.0
328755862,351064517,328448949,351064517,328755862_595797530_59d075b7d237f1a7,351064517_640602213_1be47f0b6ca98bb9,rear flippers,miew-disk,0.5675675675675675,63.0
330477163,351064518,321559873,337429982,330477163_599274884_3840852f00060bbb,351064518_640602225_d34b412908702a88,rear flippers,miew-disk,0.5675675675675675,63.0
328755880,360881837,328755880,360881837,328755880_595797594_ced4a27ab99552b3,360881837_658548858_e460902c44cc754e,rear flippers,miew-disk,0.5675675675675675,63.0
328755855,340438919,328755855,322750920,328755855_595797476_57f072f8ac0ef58d,340438919_619528676_2d8e470287c236b4,rear flippers,miew-disk,0.5675675675675675,63.0
330433248,335332232,330433248,321559873,330433248_599185031_64f9d3f2afaed607,335332232_609158483_a54039c1bb6bd184,rear flippers,miew-disk,0.5675675675675675,63.0
324994642,337524316,324994642,328755836,324994642_588343472_ec3d8fb27223f888,337524316_613596123_afe1646b708713ff,rear flippers,miew-disk,0.5675675675675675,63.0
330433230,345874743,330433230,328755832,330433230_599184809_33d378e35d6afb26,345874743_630396545_e0536ff228c179b5,rear flippers,miew-aliked,0.5656565656565656,56.0
340435716,351066972,340435716,351066972,340435716_619523141_3d1702959a3ceeba,351066972_640608125_85d4a3a10758a1ae,rear flippers,miew-disk,0.5585585585585585,62.0
340435729,351064519,328448949,328755832,340435729_619523285_88c57fc42c9482a3,351064519_640602246_e5dfc7aa1061249e,rear flippers,miew-disk,0.5585585585585585,62.0
330477167,360881855,330477167,360881855,330477167_599275070_71820e561742bd06,360881855_658552181_0ac3aa34551ff13c,rear flippers,miew-disk,0.5585585585585585,62.0
330477156,335332229,330477156,326931780,330477156_599274168_b0e4415730abd065,335332229_609158358_ad4c812ea3d74357,rear flippers,miew-disk,0.5585585585585585,62.0
340435709,351064524,328755832,322750925,340435709_619522839_46c4eec57acffedd,351064524_640602359_4c96ea92adcb5a2b,rear flippers,miew-disk,0.5585585585585585,62.0
345872332,351064524,340435716,322750925,345872332_630390372_08580beb6e8b80a9,351064524_640602354_7b190fd11841ccfd,rear flippers,miew-disk,0.5585585585585585,62.0
342033444,360881862,342033444,360881862,342033444_622780373_ea1c283a7dd27804,360881862_658553281_f458a20fd425d348,rear flippers,miew-disk,0.5585585585585585,62.0
326931790,345872329,326931790,325746520,326931790_592203001_00da2bdf8e852868,345872329_630390352_38ba07096791fbf5,rear flippers,miew-disk,0.5495495495495496,61.0
328448949,351064519,328448949,328755832,328448949_595171257_389820b5c6bad2dd,351064519_640602253_b8db0d6a37458c4d,rear flippers,miew-disk,0.5495495495495496,61.0
335935567,351064531,335935567,328755832,335935567_610375033_c6a263d5e14d7a2e,351064531_640602425_e2a86e7469af67d1,rear flippers,miew-disk,0.5495495495495496,61.0
322750899,333572355,322750899,322750893,322750899_583917894_b772efa743b8a3d3,333572355_605624702_314a64f11ad8a05b,rear flippers,miew-disk,0.5495495495495496,61.0
335332236,340435722,335332236,330477156,335332236_609158631_383b59513d0793d5,340435722_619523233_fd8adec8d914cfcc,rear flippers,miew-disk,0.5495495495495496,61.0
330477167,345874744,330477167,345874744,330477167_599275070_71820e561742bd06,345874744_630396571_563cfdc86f01a467,rear flippers,miew-disk,0.5495495495495496,61.0
330477133,351064519,325746505,328755832,330477133_599271690_58913bae99502b56,351064519_640602268_d3dc3807318e74f4,rear flippers,miew-disk,0.5495495495495496,61.0
330433230,330433239,330433230,328755836,330433230_599184809_6faac5de71532d00,330433239_599184976_1700de78adfdc281,rear flippers,miew-disk,0.5495495495495496,61.0
330477166,345872332,326931772,340435716,330477166_599275058_965e7da2320d0eaa,345872332_630390372_08580beb6e8b80a9,rear flippers,miew-disk,0.5495495495495496,61.0
328448918,340440022,328448918,340440022,328448918_595171058_ec535e4399ca69e0,340440022_619530778_9319bd719065619c,rear flippers,miew-disk,0.5495495495495496,61.0
340438933,360881844,340438933,360881844,340438933_619528800_940d36f88027bd79,360881844_658551205_8efbc124e5c301c4,rear flippers,miew-aliked,0.5454545454545454,54.0
335935574,340435723,335935574,340435723,335935574_610375219_f720f840e5c78cdd,340435723_619523252_fe4b42022ad10886,rear flippers,miew-aliked,0.5454545454545454,54.0
330477135,360875367,330477135,360875367,330477135_599275678_ed20294a34511a6e,360875367_658543832_b946834e7b5859c4,rear flippers,miew-aliked,0.5454545454545454,54.0
326931776,337429971,326931776,337429971,326931776_592202902_50a56d3359ee2231,337429971_613396256_67b5c7bbb3767a47,rear flippers,miew-aliked,0.5454545454545454,54.0
340440033,351064531,337429982,328755832,340440033_619530939_6035e9cd24502b90,351064531_640602438_65e7703bbd7e01d8,rear flippers,miew-disk,0.5405405405405406,60.0
330477159,337429978,330477159,337429978,330477159_599274708_fa9337c2b83fdd37,337429978_613396133_3433a446b9fbf313,rear flippers,miew-disk,0.5405405405405406,60.0
328755832,345872336,328755832,326931780,328755832_595796459_dd2aedeb3af064a5,345872336_630390532_068195e6be97e322,rear flippers,miew-disk,0.5405405405405406,60.0
337429961,345874739,337429961,340435712,337429961_613395820_9e0dc5beadb82fba,345874739_630396487_ff8d06028c6dd2fb,rear flippers,miew-disk,0.5405405405405406,60.0
335935554,340435708,335935554,340435708,335935554_610374921_e569ea464980a421,340435708_619522833_8f6c1011d320f9cb,rear flippers,miew-disk,0.5405405405405406,60.0
328448939,335332234,324994656,322750925,328448939_595171201_324521656572a5ad,335332234_609158514_147a2333cafd173c,rear flippers,miew-disk,0.5405405405405406,60.0
330477152,330477158,330477152,322750925,330477152_599273991_4aede16d12916fae,330477158_599275705_95fca801efa1fd0b,rear flippers,miew-disk,0.5405405405405406,60.0
326931780,330477155,326931780,326931772,326931780_592202927_d26806627072b824,330477155_599274154_1a37e7c7c78a8015,rear flippers,miew-disk,0.5405405405405406,60.0
342033449,345872316,324994660,328755832,342033449_622780513_c38ed0a9ae630659,345872316_630390108_d8ee9fd1c7d4ab08,rear flippers,miew-disk,0.5405405405405406,60.0
328448939,351064524,324994656,322750925,328448939_595171201_324521656572a5ad,351064524_640602359_4c96ea92adcb5a2b,rear flippers,miew-disk,0.5405405405405406,60.0
328448928,340435711,325746501,333572353,328448928_595171137_bf26ae1aa6491a73,340435711_619522868_7fb3f248c016f22c,rear flippers,miew-disk,0.5405405405405406,60.0
325746527,345874754,325746527,345874754,325746527_589836544_9bf3f9855d6b045a,345874754_630396705_0a9719412d4d42a2,rear flippers,miew-disk,0.5405405405405406,60.0
330433230,330433247,330433230,330433247,330433230_599184809_33d378e35d6afb26,330433247_599184991_9cbde0e60cac3dde,rear flippers,miew-disk,0.5405405405405406,60.0
328755832,333572354,328755832,325746505,328755832_595796459_dd2aedeb3af064a5,333572354_605624679_0f0dc0b26bda45a4,rear flippers,miew-disk,0.5405405405405406,60.0
333572360,342033443,324994641,342033443,333572360_605624784_201602d8beae2f70,342033443_622780335_9dcde19f64f6bf68,rear flippers,miew-disk,0.5405405405405406,60.0
324994653,326931786,324994653,326931786,324994653_588343546_cca95b477f0c640d,326931786_592202987_fb4eb8bcf48a3b9e,rear flippers,miew-superpoint,0.5393258426966292,48.0
321595638,337429982,321595638,337429982,321595638_581630638_02dd6e54a17f1794,337429982_613396532_3d136f915fe72d5b,rear flippers,miew-disk,0.5315315315315315,59.0
328448945,345872332,328448945,340435716,328448945_595171237_857c2ab1c3e3d29b,345872332_630390368_16515cd425b4116e,rear flippers,miew-disk,0.5315315315315315,59.0
330477159,345872323,330477159,335935567,330477159_599274708_fa9337c2b83fdd37,345872323_630390248_867db7cbbbf9487a,rear flippers,miew-disk,0.5315315315315315,59.0
333572354,337524306,325746505,335935571,333572354_605624679_0f0dc0b26bda45a4,337524306_613596014_f0ae319e5a3a1156,rear flippers,miew-disk,0.5315315315315315,59.0
330477172,345874735,326931780,322750920,330477172_599275417_799232283550f976,345874735_630396307_9724a916ac8e6eb0,rear flippers,miew-disk,0.5315315315315315,59.0
328755862,340435722,328448949,330477156,328755862_595797525_e855e9dd71273076,340435722_619523233_fd8adec8d914cfcc,rear flippers,miew-disk,0.5315315315315315,59.0
335332234,360875367,322750925,360875367,335332234_609158513_3d62bab1fc61ba72,360875367_658544119_a17b2e1981373e34,rear flippers,miew-disk,0.5315315315315315,59.0
324994650,328448957,324994650,328448957,324994650_588343540_9fe0f1b568862bc3,328448957_595171307_7d47b7abdbca3186,rear flippers,miew-disk,0.5315315315315315,59.0
328448937,348456351,328448937,335935554,328448937_595171186_d55f3016425de413,348456351_635506181_83bff0ac101b9a88,rear flippers,miew-disk,0.5315315315315315,59.0
330433230,351064531,330433230,328755832,330433230_599184809_33d378e35d6afb26,351064531_640602425_e2a86e7469af67d1,rear flippers,miew-disk,0.5315315315315315,59.0
333572355,351064524,322750893,322750925,333572355_605624702_314a64f11ad8a05b,351064524_640602359_4c96ea92adcb5a2b,rear flippers,miew-disk,0.5315315315315315,59.0
330477174,340438941,324994660,326931765,330477174_599275479_033728c412674479,340438941_619528864_7c569c6007665bea,rear flippers,miew-disk,0.5315315315315315,59.0
345872332,351066980,340435716,328755832,345872332_630390393_db8485284fdb78c7,351066980_640608506_0e6c01aaab9077a2,rear flippers,miew-disk,0.5315315315315315,59.0
328448944,351066978,328448944,328755836,328448944_595171234_18875703606da13a,351066978_640608440_2ffd7d98cc7cf2ba,rear flippers,miew-superpoint,0.5280898876404494,47.0
328448928,345872336,325746501,326931780,328448928_595171137_bf26ae1aa6491a73,345872336_630390515_86d2070359e0aca1,rear flippers,miew-aliked,0.5252525252525253,52.0
345872309,345872332,325746505,340435716,345872309_630389739_22dc909540209f7b,345872332_630390368_16515cd425b4116e,rear flippers,miew-disk,0.5225225225225225,58.0
335935570,337524316,322750925,328755836,335935570_610375073_43129492e3bd7dc6,337524316_613596119_4a8464472d874b56,rear flippers,miew-disk,0.5225225225225225,58.0
326931779,345874741,322750916,345874741,326931779_592202917_e58884fc8fe30db5,345874741_630396518_7bed14debe2d0f3e,rear flippers,miew-disk,0.5225225225225225,58.0
335935570,337524309,322750925,321559873,335935570_610375073_43129492e3bd7dc6,337524309_613596051_5a093911381ad712,rear flippers,miew-disk,0.5225225225225225,58.0
321595649,345874741,321559873,345874741,321595649_581630750_159246a82f209491,345874741_630396525_293139f30c2d5bd0,rear flippers,miew-disk,0.5225225225225225,58.0
337429972,340435706,335935571,333572353,337429972_613396056_94b730e4d3658d7b,340435706_619522804_6edee6ce1e55f079,rear flippers,miew-disk,0.5225225225225225,58.0
330477159,335935567,330477159,335935567,330477159_599274589_5d41605961b5c54c,335935567_610375033_c6a263d5e14d7a2e,rear flippers,miew-disk,0.5225225225225225,58.0
326931769,345872334,322750920,325746520,326931769_592202853_c87acb7ca43f5a80,345872334_630390477_7b9622899f862911,rear flippers,miew-disk,0.5225225225225225,58.0
328448965,334922598,328448965,326931780,328448965_595171372_2f97e93587d3e2d8,334922598_608326312_503e59c2ddb2e0f3,rear flippers,miew-disk,0.5225225225225225,58.0
330433248,337429982,330433248,337429982,330433248_599185031_64f9d3f2afaed607,337429982_613396541_352835b54956d9c3,rear flippers,miew-disk,0.5225225225225225,58.0
330433247,345874743,330433247,328755832,330433247_599184991_9cbde0e60cac3dde,345874743_630396545_e0536ff228c179b5,rear flippers,miew-disk,0.5225225225225225,58.0
335332234,345872332,322750925,340435716,335332234_609158513_3d62bab1fc61ba72,345872332_630390368_16515cd425b4116e,rear flippers,miew-disk,0.5225225225225225,58.0
326931795,342033443,326931795,342033443,326931795_592203024_7e761fd4fb2e6a95,342033443_622780335_9dcde19f64f6bf68,rear flippers,miew-disk,0.5225225225225225,58.0
345872336,360881855,326931780,360881855,345872336_630390532_068195e6be97e322,360881855_658552202_92f287661a7dcc4d,rear flippers,miew-disk,0.5225225225225225,58.0
345872332,345874744,340435716,345874744,345872332_630390368_16515cd425b4116e,345874744_630396578_17d459f7d5b3ed75,rear flippers,miew-disk,0.5225225225225225,58.0
328448949,345874744,328448949,345874744,328448949_595171270_9356ae5f56a122ce,345874744_630396571_563cfdc86f01a467,rear flippers,miew-disk,0.5225225225225225,58.0
345874735,360881855,322750920,360881855,345874735_630396305_a6324dea309a9efd,360881855_658552178_1e6c1fc77cfd7bf1,rear flippers,miew-disk,0.5225225225225225,58.0
330433248,335332232,330433248,321559873,330433248_599185012_99978a46a792e3ef,335332232_609158478_8666cbb8431ac602,rear flippers,miew-disk,0.5225225225225225,58.0
337429969,340435713,324994660,340435713,337429969_613395886_d2df8e516f57a7dd,340435713_619523122_b3e1f2d1cbf0c5c4,rear flippers,miew-superpoint,0.5168539325842697,46.0
328448952,328755830,328448952,328448949,328448952_595171290_f9290d4be684b9ff,328755830_595796372_8a6256aee092e871,rear flippers,miew-disk,0.5135135135135135,57.0
335332228,337524310,333572353,326931780,335332228_609158341_2596f4eb955ee8b9,337524310_613596065_e3887fb5f728470e,rear flippers,miew-disk,0.5135135135135135,57.0
322750925,351066973,322750925,326931767,322750925_583917954_467519a7bf785de9,351066973_640608183_0b7627a31642b3cf,rear flippers,miew-disk,0.5135135135135135,57.0
326931796,345872334,322750920,325746520,326931796_592203035_8881ace771485f4a,345872334_630390474_6f8a1255d78ca49e,rear flippers,miew-disk,0.5135135135135135,57.0
330433232,330477140,330433232,324994660,330433232_599184869_6ab65f60fd9812c4,330477140_599272654_d8d68ac72104b564,rear flippers,miew-disk,0.5135135135135135,57.0
322750899,345874747,322750899,345874747,322750899_583917894_b772efa743b8a3d3,345874747_630396643_8c977bbb1bac3156,rear flippers,miew-disk,0.5135135135135135,57.0
330477133,345872322,325746505,326931767,330477133_599271690_58913bae99502b56,345872322_630390205_7a4d50483c437982,rear flippers,miew-disk,0.5135135135135135,57.0
330477133,345874744,325746505,345874744,330477133_599271690_58913bae99502b56,345874744_630396578_17d459f7d5b3ed75,rear flippers,miew-disk,0.5135135135135135,57.0
335332234,360875367,322750925,360875367,335332234_609158514_147a2333cafd173c,360875367_658544119_a17b2e1981373e34,rear flippers,miew-disk,0.5135135135135135,57.0
345872322,345872326,326931767,328448952,345872322_630390205_7a4d50483c437982,345872326_630390269_9d0b3f1b311af899,rear flippers,miew-disk,0.5135135135135135,57.0
337429982,342033443,337429982,342033443,337429982_613396532_3d136f915fe72d5b,342033443_622780335_9dcde19f64f6bf68,rear flippers,miew-disk,0.5135135135135135,57.0
326931756,337524304,326931756,337524304,326931756_592202722_aec6a02b4399fc32,337524304_613595939_f6d518ba167c981d,rear flippers,miew-disk,0.5135135135135135,57.0
330433247,330433248,330433247,330433248,330433247_599184991_9cbde0e60cac3dde,330433248_599185031_64f9d3f2afaed607,rear flippers,miew-disk,0.5135135135135135,57.0
328448949,360875367,328448949,360875367,328448949_595171270_9356ae5f56a122ce,360875367_658544119_a17b2e1981373e34,rear flippers,miew-disk,0.5135135135135135,57.0
337524316,351064519,328755836,328755832,337524316_613596123_afe1646b708713ff,351064519_640602268_d3dc3807318e74f4,rear flippers,miew-disk,0.5135135135135135,57.0
328755851,337524309,328755851,321559873,328755851_595797460_50efd810a0eb20fa,337524309_613596051_5a093911381ad712,rear flippers,miew-disk,0.5135135135135135,57.0
335332234,345872336,322750925,326931780,335332234_609158513_3d62bab1fc61ba72,345872336_630390532_068195e6be97e322,rear flippers,miew-disk,0.5135135135135135,57.0
326931780,360875367,326931780,360875367,326931780_592202927_d26806627072b824,360875367_658543814_6808e3e9d25852af,rear flippers,miew-disk,0.5135135135135135,57.0
325746531,330433248,325746531,330433248,325746531_589836525_853dbed5b72ab7a6,330433248_599185012_99978a46a792e3ef,rear flippers,miew-disk,0.5135135135135135,57.0
340435729,360875367,328448949,360875367,340435729_619523285_88c57fc42c9482a3,360875367_658543832_b946834e7b5859c4,rear flippers,miew-disk,0.5135135135135135,57.0
325746512,360875367,325746512,360875367,325746512_589834443_ca52ed4dd31e2a0c,360875367_658544119_a17b2e1981373e34,rear flippers,miew-disk,0.5135135135135135,57.0
326931787,340438941,325746520,326931765,326931787_592202972_d10fdddcb556de16,340438941_619528874_9771aed306f8e52e,rear flippers,miew-disk,0.5135135135135135,57.0
345872332,351064519,340435716,328755832,345872332_630390368_16515cd425b4116e,351064519_640602246_e5dfc7aa1061249e,rear flippers,miew-disk,0.5135135135135135,57.0
345872332,345874741,340435716,345874741,345872332_630390372_08580beb6e8b80a9,345874741_630396525_293139f30c2d5bd0,rear flippers,miew-disk,0.5135135135135135,57.0
345872332,345874747,340435716,345874747,345872332_630390393_db8485284fdb78c7,345874747_630396643_8c977bbb1bac3156,rear flippers,miew-disk,0.5135135135135135,57.0
